"","Veracity","Language","Emotionality","ID","meanRT","meanJudgment","Age","Gender","StudiesMajor","MotherTongue","SelfReportedEnglishSpreakingProficiency","SelfReportedEnglishListening","EnglishLextaleScores","SelfReportedGermanSpeaking","SelfReportedGermanListening","GermanLextaleScores","SelfReportedDutchSpeaking","SelfReportedDutchListening","DutchLextaleScores"
"1","Lie","Dutch","Emotional","1",1363.07692307692,0.433962264150943,19,0,"Psychologie","Dutch","4","6",65,"2","2",48.75,"6","6","91.25"
"2","Truth","Dutch","Emotional","1",1069.62962962963,0.433962264150943,19,0,"Psychologie","Dutch","4","6",65,"2","2",48.75,"6","6","91.25"
"3","Lie","English","Emotional","1",1290.95652173913,0.583333333333333,19,0,"Psychologie","Dutch","4","6",65,"2","2",48.75,"6","6","91.25"
"4","Truth","English","Emotional","1",1044.44,0.583333333333333,19,0,"Psychologie","Dutch","4","6",65,"2","2",48.75,"6","6","91.25"
"5","Lie","Dutch","Neutral","1",1329.52380952381,0,19,0,"Psychologie","Dutch","4","6",65,"2","2",48.75,"6","6","91.25"
"6","Truth","Dutch","Neutral","1",1088.64285714286,0,19,0,"Psychologie","Dutch","4","6",65,"2","2",48.75,"6","6","91.25"
"7","Lie","English","Neutral","1",1228.88461538462,0,19,0,"Psychologie","Dutch","4","6",65,"2","2",48.75,"6","6","91.25"
"8","Truth","English","Neutral","1",1082.62962962963,0,19,0,"Psychologie","Dutch","4","6",65,"2","2",48.75,"6","6","91.25"
"9","Lie","Dutch","Emotional","2",2311,0.0754716981132075,18,0,"Psychologie","Dutch","4","5",76.25,"5","6",70,"6","6","91.25"
"10","Truth","Dutch","Emotional","2",1339.77419354839,0.0754716981132075,18,0,"Psychologie","Dutch","4","5",76.25,"5","6",70,"6","6","91.25"
"11","Lie","English","Emotional","2",2153.75,0.037037037037037,18,0,"Psychologie","Dutch","4","5",76.25,"5","6",70,"6","6","91.25"
"12","Truth","English","Emotional","2",1374.76666666667,0.037037037037037,18,0,"Psychologie","Dutch","4","5",76.25,"5","6",70,"6","6","91.25"
"13","Lie","Dutch","Neutral","2",2039.1875,0,18,0,"Psychologie","Dutch","4","5",76.25,"5","6",70,"6","6","91.25"
"14","Truth","Dutch","Neutral","2",1187.5,0,18,0,"Psychologie","Dutch","4","5",76.25,"5","6",70,"6","6","91.25"
"15","Lie","English","Neutral","2",1827.13333333333,0,18,0,"Psychologie","Dutch","4","5",76.25,"5","6",70,"6","6","91.25"
"16","Truth","English","Neutral","2",1575.16666666667,0,18,0,"Psychologie","Dutch","4","5",76.25,"5","6",70,"6","6","91.25"
"17","Lie","Dutch","Emotional","3",1021.21428571429,0.369565217391304,20,0,"College of Science domein Levenswetenschappen","Dutch","4","5",82.5,"2","3",67.5,"5","6","95"
"18","Truth","Dutch","Emotional","3",748.944444444444,0.369565217391304,20,0,"College of Science domein Levenswetenschappen","Dutch","4","5",82.5,"2","3",67.5,"5","6","95"
"19","Lie","English","Emotional","3",970.952380952381,0.357142857142857,20,0,"College of Science domein Levenswetenschappen","Dutch","4","5",82.5,"2","3",67.5,"5","6","95"
"20","Truth","English","Emotional","3",857.333333333333,0.357142857142857,20,0,"College of Science domein Levenswetenschappen","Dutch","4","5",82.5,"2","3",67.5,"5","6","95"
"21","Lie","Dutch","Neutral","3",933.4,0,20,0,"College of Science domein Levenswetenschappen","Dutch","4","5",82.5,"2","3",67.5,"5","6","95"
"22","Truth","Dutch","Neutral","3",731.51724137931,0,20,0,"College of Science domein Levenswetenschappen","Dutch","4","5",82.5,"2","3",67.5,"5","6","95"
"23","Lie","English","Neutral","3",980.619047619048,0,20,0,"College of Science domein Levenswetenschappen","Dutch","4","5",82.5,"2","3",67.5,"5","6","95"
"24","Truth","English","Neutral","3",814.434782608696,0,20,0,"College of Science domein Levenswetenschappen","Dutch","4","5",82.5,"2","3",67.5,"5","6","95"
"25","Lie","Dutch","Emotional","4",1404.5,0.163265306122449,23,0,"PPLE - Politics Psychology Law Economics","Dutch","5","6",80,"2","3",67.5,"6","6","95"
"26","Truth","Dutch","Emotional","4",899.259259259259,0.163265306122449,23,0,"PPLE - Politics Psychology Law Economics","Dutch","5","6",80,"2","3",67.5,"6","6","95"
"27","Lie","English","Emotional","4",1232.27777777778,0.0952380952380952,23,0,"PPLE - Politics Psychology Law Economics","Dutch","5","6",80,"2","3",67.5,"6","6","95"
"28","Truth","English","Emotional","4",872.125,0.0952380952380952,23,0,"PPLE - Politics Psychology Law Economics","Dutch","5","6",80,"2","3",67.5,"6","6","95"
"29","Lie","Dutch","Neutral","4",1309.52173913043,0,23,0,"PPLE - Politics Psychology Law Economics","Dutch","5","6",80,"2","3",67.5,"6","6","95"
"30","Truth","Dutch","Neutral","4",935.260869565217,0,23,0,"PPLE - Politics Psychology Law Economics","Dutch","5","6",80,"2","3",67.5,"6","6","95"
"31","Lie","English","Neutral","4",1198.76470588235,0,23,0,"PPLE - Politics Psychology Law Economics","Dutch","5","6",80,"2","3",67.5,"6","6","95"
"32","Truth","English","Neutral","4",947.875,0,23,0,"PPLE - Politics Psychology Law Economics","Dutch","5","6",80,"2","3",67.5,"6","6","95"
"33","Lie","Dutch","Emotional","5",2288.83333333333,0,21,1,"Anders","Dutch","4","6",87.5,"2","3",43.75,"6","6","86.25"
"34","Truth","Dutch","Emotional","5",3161.04347826087,0,21,1,"Anders","Dutch","4","6",87.5,"2","3",43.75,"6","6","86.25"
"35","Lie","English","Emotional","5",2338.375,0,21,1,"Anders","Dutch","4","6",87.5,"2","3",43.75,"6","6","86.25"
"36","Truth","English","Emotional","5",2230.66666666667,0,21,1,"Anders","Dutch","4","6",87.5,"2","3",43.75,"6","6","86.25"
"37","Lie","Dutch","Neutral","5",2381.86363636364,0,21,1,"Anders","Dutch","4","6",87.5,"2","3",43.75,"6","6","86.25"
"38","Truth","Dutch","Neutral","5",2720.95652173913,0,21,1,"Anders","Dutch","4","6",87.5,"2","3",43.75,"6","6","86.25"
"39","Lie","English","Neutral","5",1843.33333333333,0,21,1,"Anders","Dutch","4","6",87.5,"2","3",43.75,"6","6","86.25"
"40","Truth","English","Neutral","5",2371.15384615385,0,21,1,"Anders","Dutch","4","6",87.5,"2","3",43.75,"6","6","86.25"
"41","Lie","Dutch","Emotional","6",860.714285714286,0.480769230769231,28,0,"Psychologie","Dutch","5","6",63.75,"1","1",57.5,"6","6","75"
"42","Truth","Dutch","Emotional","6",819.583333333333,0.480769230769231,28,0,"Psychologie","Dutch","5","6",63.75,"1","1",57.5,"6","6","75"
"43","Lie","English","Emotional","6",977.727272727273,0.48936170212766,28,0,"Psychologie","Dutch","5","6",63.75,"1","1",57.5,"6","6","75"
"44","Truth","English","Emotional","6",1090.36,0.48936170212766,28,0,"Psychologie","Dutch","5","6",63.75,"1","1",57.5,"6","6","75"
"45","Lie","Dutch","Neutral","6",1050.625,0,28,0,"Psychologie","Dutch","5","6",63.75,"1","1",57.5,"6","6","75"
"46","Truth","Dutch","Neutral","6",777.214285714286,0,28,0,"Psychologie","Dutch","5","6",63.75,"1","1",57.5,"6","6","75"
"47","Lie","English","Neutral","6",1145.5,0,28,0,"Psychologie","Dutch","5","6",63.75,"1","1",57.5,"6","6","75"
"48","Truth","English","Neutral","6",1130.75,0,28,0,"Psychologie","Dutch","5","6",63.75,"1","1",57.5,"6","6","75"
"49","Lie","Dutch","Emotional","7",1785.5,0.115384615384615,38,1,"College Communicatiewetenschap","Dutch","4","5",82.5,"1","2",58.75,"6","6","96.25"
"50","Truth","Dutch","Emotional","7",1149.26923076923,0.115384615384615,38,1,"College Communicatiewetenschap","Dutch","4","5",82.5,"1","2",58.75,"6","6","96.25"
"51","Lie","English","Emotional","7",2091.72,0.134615384615385,38,1,"College Communicatiewetenschap","Dutch","4","5",82.5,"1","2",58.75,"6","6","96.25"
"52","Truth","English","Emotional","7",1442.2962962963,0.134615384615385,38,1,"College Communicatiewetenschap","Dutch","4","5",82.5,"1","2",58.75,"6","6","96.25"
"53","Lie","Dutch","Neutral","7",1529.24,0,38,1,"College Communicatiewetenschap","Dutch","4","5",82.5,"1","2",58.75,"6","6","96.25"
"54","Truth","Dutch","Neutral","7",1037.44444444444,0,38,1,"College Communicatiewetenschap","Dutch","4","5",82.5,"1","2",58.75,"6","6","96.25"
"55","Lie","English","Neutral","7",1774.34615384615,0,38,1,"College Communicatiewetenschap","Dutch","4","5",82.5,"1","2",58.75,"6","6","96.25"
"56","Truth","English","Neutral","7",1388.59259259259,0,38,1,"College Communicatiewetenschap","Dutch","4","5",82.5,"1","2",58.75,"6","6","96.25"
"57","Lie","Dutch","Emotional","8",1963.91304347826,0.36,23,0,"Psychologie","Dutch","1","3",62.5,"1","1",56.25,"6","6","88.75"
"58","Truth","Dutch","Emotional","8",1420.74074074074,0.36,23,0,"Psychologie","Dutch","1","3",62.5,"1","1",56.25,"6","6","88.75"
"59","Lie","English","Emotional","8",1532.7619047619,0.4,23,0,"Psychologie","Dutch","1","3",62.5,"1","1",56.25,"6","6","88.75"
"60","Truth","English","Emotional","8",1502.44827586207,0.4,23,0,"Psychologie","Dutch","1","3",62.5,"1","1",56.25,"6","6","88.75"
"61","Lie","Dutch","Neutral","8",1986.77272727273,0,23,0,"Psychologie","Dutch","1","3",62.5,"1","1",56.25,"6","6","88.75"
"62","Truth","Dutch","Neutral","8",1490.84,0,23,0,"Psychologie","Dutch","1","3",62.5,"1","1",56.25,"6","6","88.75"
"63","Lie","English","Neutral","8",1696.125,0,23,0,"Psychologie","Dutch","1","3",62.5,"1","1",56.25,"6","6","88.75"
"64","Truth","English","Neutral","8",1523.6,0,23,0,"Psychologie","Dutch","1","3",62.5,"1","1",56.25,"6","6","88.75"
"65","Lie","Dutch","Emotional","9",1016.86363636364,0.16,20,0,"Psychologie","Dutch","6","5",72.5,"2","2",57.5,"6","6","95"
"66","Truth","Dutch","Emotional","9",894.392857142857,0.16,20,0,"Psychologie","Dutch","6","5",72.5,"2","2",57.5,"6","6","95"
"67","Lie","English","Emotional","9",992.16,0.150943396226415,20,0,"Psychologie","Dutch","6","5",72.5,"2","2",57.5,"6","6","95"
"68","Truth","English","Emotional","9",1008.60714285714,0.150943396226415,20,0,"Psychologie","Dutch","6","5",72.5,"2","2",57.5,"6","6","95"
"69","Lie","Dutch","Neutral","9",1168.61904761905,0,20,0,"Psychologie","Dutch","6","5",72.5,"2","2",57.5,"6","6","95"
"70","Truth","Dutch","Neutral","9",856.130434782609,0,20,0,"Psychologie","Dutch","6","5",72.5,"2","2",57.5,"6","6","95"
"71","Lie","English","Neutral","9",1156.74074074074,0,20,0,"Psychologie","Dutch","6","5",72.5,"2","2",57.5,"6","6","95"
"72","Truth","English","Neutral","9",1065.08333333333,0,20,0,"Psychologie","Dutch","6","5",72.5,"2","2",57.5,"6","6","95"
"73","Lie","Dutch","Emotional","10",1825.26315789474,0.122448979591837,21,0,"College of Humanities","Dutch","5","5",80,"1","1",55,"6","6","92.5"
"74","Truth","Dutch","Emotional","10",1151.36666666667,0.122448979591837,21,0,"College of Humanities","Dutch","5","5",80,"1","1",55,"6","6","92.5"
"75","Lie","English","Emotional","10",1711.66666666667,0.111111111111111,21,0,"College of Humanities","Dutch","5","5",80,"1","1",55,"6","6","92.5"
"76","Truth","English","Emotional","10",1376.06666666667,0.111111111111111,21,0,"College of Humanities","Dutch","5","5",80,"1","1",55,"6","6","92.5"
"77","Lie","Dutch","Neutral","10",1708.70967741935,0,21,0,"College of Humanities","Dutch","5","5",80,"1","1",55,"6","6","92.5"
"78","Truth","Dutch","Neutral","10",1170.57894736842,0,21,0,"College of Humanities","Dutch","5","5",80,"1","1",55,"6","6","92.5"
"79","Lie","English","Neutral","10",1751.5,0,21,0,"College of Humanities","Dutch","5","5",80,"1","1",55,"6","6","92.5"
"80","Truth","English","Neutral","10",1236.48,0,21,0,"College of Humanities","Dutch","5","5",80,"1","1",55,"6","6","92.5"
"81","Lie","Dutch","Emotional","12",1728.84615384615,0.510204081632653,44,1,"Anders","Dutch","5","6",73.75,"1","1",53.75,"5","5","58.75"
"82","Truth","Dutch","Emotional","12",1462.21739130435,0.510204081632653,44,1,"Anders","Dutch","5","6",73.75,"1","1",53.75,"5","5","58.75"
"83","Lie","English","Emotional","12",1623.95652173913,0.538461538461538,44,1,"Anders","Dutch","5","6",73.75,"1","1",53.75,"5","5","58.75"
"84","Truth","English","Emotional","12",1354.48275862069,0.538461538461538,44,1,"Anders","Dutch","5","6",73.75,"1","1",53.75,"5","5","58.75"
"85","Lie","Dutch","Neutral","12",1741.53846153846,0,44,1,"Anders","Dutch","5","6",73.75,"1","1",53.75,"5","5","58.75"
"86","Truth","Dutch","Neutral","12",1263.57142857143,0,44,1,"Anders","Dutch","5","6",73.75,"1","1",53.75,"5","5","58.75"
"87","Lie","English","Neutral","12",1441.48148148148,0,44,1,"Anders","Dutch","5","6",73.75,"1","1",53.75,"5","5","58.75"
"88","Truth","English","Neutral","12",1308.44,0,44,1,"Anders","Dutch","5","6",73.75,"1","1",53.75,"5","5","58.75"
"89","Lie","Dutch","Emotional","13",3601.88888888889,0.384615384615385,18,1,"Psychologie","Dutch","5","6",81.25,"1","1",62.5,"6","6","91.25"
"90","Truth","Dutch","Emotional","13",1974.4,0.384615384615385,18,1,"Psychologie","Dutch","5","6",81.25,"1","1",62.5,"6","6","91.25"
"91","Lie","English","Emotional","13",2015.04166666667,0.346938775510204,18,1,"Psychologie","Dutch","5","6",81.25,"1","1",62.5,"6","6","91.25"
"92","Truth","English","Emotional","13",2364.8,0.346938775510204,18,1,"Psychologie","Dutch","5","6",81.25,"1","1",62.5,"6","6","91.25"
"93","Lie","Dutch","Neutral","13",2908.48148148148,0,18,1,"Psychologie","Dutch","5","6",81.25,"1","1",62.5,"6","6","91.25"
"94","Truth","Dutch","Neutral","13",2040.71428571429,0,18,1,"Psychologie","Dutch","5","6",81.25,"1","1",62.5,"6","6","91.25"
"95","Lie","English","Neutral","13",1812.5652173913,0,18,1,"Psychologie","Dutch","5","6",81.25,"1","1",62.5,"6","6","91.25"
"96","Truth","English","Neutral","13",2270,0,18,1,"Psychologie","Dutch","5","6",81.25,"1","1",62.5,"6","6","91.25"
"97","Lie","Dutch","Emotional","14",1066.52173913043,0.369565217391304,19,0,"Psychologie","Dutch","5","6",88.75,"1","1",58.75,"6","6","91.25"
"98","Truth","Dutch","Emotional","14",964.782608695652,0.369565217391304,19,0,"Psychologie","Dutch","5","6",88.75,"1","1",58.75,"6","6","91.25"
"99","Lie","English","Emotional","14",992.818181818182,0.340425531914894,19,0,"Psychologie","Dutch","5","6",88.75,"1","1",58.75,"6","6","91.25"
"100","Truth","English","Emotional","14",744,0.340425531914894,19,0,"Psychologie","Dutch","5","6",88.75,"1","1",58.75,"6","6","91.25"
"101","Lie","Dutch","Neutral","14",982.222222222222,0.05,19,0,"Psychologie","Dutch","5","6",88.75,"1","1",58.75,"6","6","91.25"
"102","Truth","Dutch","Neutral","14",948.181818181818,0.05,19,0,"Psychologie","Dutch","5","6",88.75,"1","1",58.75,"6","6","91.25"
"103","Lie","English","Neutral","14",826.842105263158,0.0769230769230769,19,0,"Psychologie","Dutch","5","6",88.75,"1","1",58.75,"6","6","91.25"
"104","Truth","English","Neutral","14",778,0.0769230769230769,19,0,"Psychologie","Dutch","5","6",88.75,"1","1",58.75,"6","6","91.25"
"105","Lie","Dutch","Emotional","15",968.571428571429,0.339622641509434,18,0,"Psychologie","Dutch","5","5",91.25,"1","3",61.25,"6","6","93.75"
"106","Truth","Dutch","Emotional","15",862,0.339622641509434,18,0,"Psychologie","Dutch","5","5",91.25,"1","3",61.25,"6","6","93.75"
"107","Lie","English","Emotional","15",1049.03333333333,0.277777777777778,18,0,"Psychologie","Dutch","5","5",91.25,"1","3",61.25,"6","6","93.75"
"108","Truth","English","Emotional","15",920.416666666667,0.277777777777778,18,0,"Psychologie","Dutch","5","5",91.25,"1","3",61.25,"6","6","93.75"
"109","Lie","Dutch","Neutral","15",925.2,0,18,0,"Psychologie","Dutch","5","5",91.25,"1","3",61.25,"6","6","93.75"
"110","Truth","Dutch","Neutral","15",863.7,0,18,0,"Psychologie","Dutch","5","5",91.25,"1","3",61.25,"6","6","93.75"
"111","Lie","English","Neutral","15",923.086956521739,0,18,0,"Psychologie","Dutch","5","5",91.25,"1","3",61.25,"6","6","93.75"
"112","Truth","English","Neutral","15",868.387096774194,0,18,0,"Psychologie","Dutch","5","5",91.25,"1","3",61.25,"6","6","93.75"
"113","Lie","Dutch","Emotional","16",1830.90909090909,0.222222222222222,36,0,"Anders","Dutch","5","5",92.5,"1","2",56.25,"6","6","100"
"114","Truth","Dutch","Emotional","16",1371.78260869565,0.222222222222222,36,0,"Anders","Dutch","5","5",92.5,"1","2",56.25,"6","6","100"
"115","Lie","English","Emotional","16",1731.34782608696,0.159090909090909,36,0,"Anders","Dutch","5","5",92.5,"1","2",56.25,"6","6","100"
"116","Truth","English","Emotional","16",1430.57142857143,0.159090909090909,36,0,"Anders","Dutch","5","5",92.5,"1","2",56.25,"6","6","100"
"117","Lie","Dutch","Neutral","16",2025.26086956522,0,36,0,"Anders","Dutch","5","5",92.5,"1","2",56.25,"6","6","100"
"118","Truth","Dutch","Neutral","16",1343.6,0,36,0,"Anders","Dutch","5","5",92.5,"1","2",56.25,"6","6","100"
"119","Lie","English","Neutral","16",1959.52380952381,0,36,0,"Anders","Dutch","5","5",92.5,"1","2",56.25,"6","6","100"
"120","Truth","English","Neutral","16",1564.61538461538,0,36,0,"Anders","Dutch","5","5",92.5,"1","2",56.25,"6","6","100"
"121","Lie","Dutch","Emotional","17",1714.48,0.26,61,1,"Geneeskunde","Dutch","5","6",86.25,"4","5",67.5,"6","6","98.75"
"122","Truth","Dutch","Emotional","17",1233.2,0.26,61,1,"Geneeskunde","Dutch","5","6",86.25,"4","5",67.5,"6","6","98.75"
"123","Lie","English","Emotional","17",1785.59259259259,0.25,61,1,"Geneeskunde","Dutch","5","6",86.25,"4","5",67.5,"6","6","98.75"
"124","Truth","English","Emotional","17",1353.42857142857,0.25,61,1,"Geneeskunde","Dutch","5","6",86.25,"4","5",67.5,"6","6","98.75"
"125","Lie","Dutch","Neutral","17",1484.23076923077,0.0740740740740741,61,1,"Geneeskunde","Dutch","5","6",86.25,"4","5",67.5,"6","6","98.75"
"126","Truth","Dutch","Neutral","17",1122.17857142857,0.0740740740740741,61,1,"Geneeskunde","Dutch","5","6",86.25,"4","5",67.5,"6","6","98.75"
"127","Lie","English","Neutral","17",1753.22727272727,0.08,61,1,"Geneeskunde","Dutch","5","6",86.25,"4","5",67.5,"6","6","98.75"
"128","Truth","English","Neutral","17",1356.07142857143,0.08,61,1,"Geneeskunde","Dutch","5","6",86.25,"4","5",67.5,"6","6","98.75"
"129","Lie","Dutch","Emotional","18",1229.42857142857,0.604166666666667,19,0,"Psychologie","Dutch","4","4",48.75,"1","1",52.5,"6","6","68.75"
"130","Truth","Dutch","Emotional","18",831.481481481482,0.604166666666667,19,0,"Psychologie","Dutch","4","4",48.75,"1","1",52.5,"6","6","68.75"
"131","Lie","English","Emotional","18",1099.96428571429,0.636363636363636,19,0,"Psychologie","Dutch","4","4",48.75,"1","1",52.5,"6","6","68.75"
"132","Truth","English","Emotional","18",1048.85185185185,0.636363636363636,19,0,"Psychologie","Dutch","4","4",48.75,"1","1",52.5,"6","6","68.75"
"133","Lie","Dutch","Neutral","18",1233.03846153846,0.0384615384615385,19,0,"Psychologie","Dutch","4","4",48.75,"1","1",52.5,"6","6","68.75"
"134","Truth","Dutch","Neutral","18",881.153846153846,0.0384615384615385,19,0,"Psychologie","Dutch","4","4",48.75,"1","1",52.5,"6","6","68.75"
"135","Lie","English","Neutral","18",1110.4,0.0377358490566038,19,0,"Psychologie","Dutch","4","4",48.75,"1","1",52.5,"6","6","68.75"
"136","Truth","English","Neutral","18",1158.85714285714,0.0377358490566038,19,0,"Psychologie","Dutch","4","4",48.75,"1","1",52.5,"6","6","68.75"
"137","Lie","Dutch","Emotional","19",1509.04761904762,0.1,18,0,"Psychologie","Dutch","3","5",76.25,"1","3",55,"6","6","88.75"
"138","Truth","Dutch","Emotional","19",1035.20689655172,0.1,18,0,"Psychologie","Dutch","3","5",76.25,"1","3",55,"6","6","88.75"
"139","Lie","English","Emotional","19",1573.46153846154,0.150943396226415,18,0,"Psychologie","Dutch","3","5",76.25,"1","3",55,"6","6","88.75"
"140","Truth","English","Emotional","19",1274.81481481481,0.150943396226415,18,0,"Psychologie","Dutch","3","5",76.25,"1","3",55,"6","6","88.75"
"141","Lie","Dutch","Neutral","19",1525.35714285714,0,18,0,"Psychologie","Dutch","3","5",76.25,"1","3",55,"6","6","88.75"
"142","Truth","Dutch","Neutral","19",992.916666666667,0,18,0,"Psychologie","Dutch","3","5",76.25,"1","3",55,"6","6","88.75"
"143","Lie","English","Neutral","19",1544.65384615385,0,18,0,"Psychologie","Dutch","3","5",76.25,"1","3",55,"6","6","88.75"
"144","Truth","English","Neutral","19",1360.8,0,18,0,"Psychologie","Dutch","3","5",76.25,"1","3",55,"6","6","88.75"
"145","Lie","Dutch","Emotional","20",2062.58620689655,0.0943396226415094,28,1,"Anders","Dutch","4","5",88.75,"2","4",72.5,"6","6","NA"
"146","Truth","Dutch","Emotional","20",1182.58333333333,0.0943396226415094,28,1,"Anders","Dutch","4","5",88.75,"2","4",72.5,"6","6","NA"
"147","Lie","English","Emotional","20",1840.88461538462,0.111111111111111,28,1,"Anders","Dutch","4","5",88.75,"2","4",72.5,"6","6","NA"
"148","Truth","English","Emotional","20",1646.85714285714,0.111111111111111,28,1,"Anders","Dutch","4","5",88.75,"2","4",72.5,"6","6","NA"
"149","Lie","Dutch","Neutral","20",1802.875,0,28,1,"Anders","Dutch","4","5",88.75,"2","4",72.5,"6","6","NA"
"150","Truth","Dutch","Neutral","20",1320,0,28,1,"Anders","Dutch","4","5",88.75,"2","4",72.5,"6","6","NA"
"151","Lie","English","Neutral","20",2161.6,0,28,1,"Anders","Dutch","4","5",88.75,"2","4",72.5,"6","6","NA"
"152","Truth","English","Neutral","20",1499,0,28,1,"Anders","Dutch","4","5",88.75,"2","4",72.5,"6","6","NA"
"153","Lie","Dutch","Emotional","21",1224.36,0.68,21,0,"Psychologie","Turkish","5","6",80,"1","1",37.5,"6","6","82.5"
"154","Truth","Dutch","Emotional","21",1130,0.68,21,0,"Psychologie","Turkish","5","6",80,"1","1",37.5,"6","6","82.5"
"155","Lie","English","Emotional","21",1273,0.68,21,0,"Psychologie","Turkish","5","6",80,"1","1",37.5,"6","6","82.5"
"156","Truth","English","Emotional","21",1283,0.68,21,0,"Psychologie","Turkish","5","6",80,"1","1",37.5,"6","6","82.5"
"157","Lie","Dutch","Neutral","21",1328.70833333333,0,21,0,"Psychologie","Turkish","5","6",80,"1","1",37.5,"6","6","82.5"
"158","Truth","Dutch","Neutral","21",1103.2,0,21,0,"Psychologie","Turkish","5","6",80,"1","1",37.5,"6","6","82.5"
"159","Lie","English","Neutral","21",1287.77777777778,0,21,0,"Psychologie","Turkish","5","6",80,"1","1",37.5,"6","6","82.5"
"160","Truth","English","Neutral","21",1368.18181818182,0,21,0,"Psychologie","Turkish","5","6",80,"1","1",37.5,"6","6","82.5"
"161","Lie","Dutch","Emotional","22",1087.45454545455,0.653846153846154,19,0,"Psychologie","Dutch","3","5",70,"1","2",53.75,"6","6","93.75"
"162","Truth","Dutch","Emotional","22",913.210526315789,0.653846153846154,19,0,"Psychologie","Dutch","3","5",70,"1","2",53.75,"6","6","93.75"
"163","Lie","English","Emotional","22",1049.26923076923,0.72,19,0,"Psychologie","Dutch","3","5",70,"1","2",53.75,"6","6","93.75"
"164","Truth","English","Emotional","22",917.5,0.72,19,0,"Psychologie","Dutch","3","5",70,"1","2",53.75,"6","6","93.75"
"165","Lie","Dutch","Neutral","22",1035.1,0.0363636363636364,19,0,"Psychologie","Dutch","3","5",70,"1","2",53.75,"6","6","93.75"
"166","Truth","Dutch","Neutral","22",860.742857142857,0.0363636363636364,19,0,"Psychologie","Dutch","3","5",70,"1","2",53.75,"6","6","93.75"
"167","Lie","English","Neutral","22",1091.04166666667,0.0384615384615385,19,0,"Psychologie","Dutch","3","5",70,"1","2",53.75,"6","6","93.75"
"168","Truth","English","Neutral","22",914.785714285714,0.0384615384615385,19,0,"Psychologie","Dutch","3","5",70,"1","2",53.75,"6","6","93.75"
"169","Lie","Dutch","Emotional","23",1782.76,0.177777777777778,20,1,"College of Economics and Business","Dutch","5","5",82.5,"4","4",81.25,"6","6","100"
"170","Truth","Dutch","Emotional","23",1193.4,0.177777777777778,20,1,"College of Economics and Business","Dutch","5","5",82.5,"4","4",81.25,"6","6","100"
"171","Lie","English","Emotional","23",1974.33333333333,0.183673469387755,20,1,"College of Economics and Business","Dutch","5","5",82.5,"4","4",81.25,"6","6","100"
"172","Truth","English","Emotional","23",1429.39285714286,0.183673469387755,20,1,"College of Economics and Business","Dutch","5","5",82.5,"4","4",81.25,"6","6","100"
"173","Lie","Dutch","Neutral","23",1641.64705882353,0,20,1,"College of Economics and Business","Dutch","5","5",82.5,"4","4",81.25,"6","6","100"
"174","Truth","Dutch","Neutral","23",1043.41666666667,0,20,1,"College of Economics and Business","Dutch","5","5",82.5,"4","4",81.25,"6","6","100"
"175","Lie","English","Neutral","23",2085.24,0.0416666666666667,20,1,"College of Economics and Business","Dutch","5","5",82.5,"4","4",81.25,"6","6","100"
"176","Truth","English","Neutral","23",1689.13043478261,0.0416666666666667,20,1,"College of Economics and Business","Dutch","5","5",82.5,"4","4",81.25,"6","6","100"
"177","Lie","Dutch","Emotional","24",946.24,0.416666666666667,19,0,"Psychologie","Dutch","4","5",56.25,"1","1",53.75,"5","6","68.75"
"178","Truth","Dutch","Emotional","24",742.086956521739,0.416666666666667,19,0,"Psychologie","Dutch","4","5",56.25,"1","1",53.75,"5","6","68.75"
"179","Lie","English","Emotional","24",867.954545454545,0.4,19,0,"Psychologie","Dutch","4","5",56.25,"1","1",53.75,"5","6","68.75"
"180","Truth","English","Emotional","24",871.521739130435,0.4,19,0,"Psychologie","Dutch","4","5",56.25,"1","1",53.75,"5","6","68.75"
"181","Lie","Dutch","Neutral","24",911.681818181818,0,19,0,"Psychologie","Dutch","4","5",56.25,"1","1",53.75,"5","6","68.75"
"182","Truth","Dutch","Neutral","24",798.407407407407,0,19,0,"Psychologie","Dutch","4","5",56.25,"1","1",53.75,"5","6","68.75"
"183","Lie","English","Neutral","24",982.291666666667,0,19,0,"Psychologie","Dutch","4","5",56.25,"1","1",53.75,"5","6","68.75"
"184","Truth","English","Neutral","24",826.846153846154,0,19,0,"Psychologie","Dutch","4","5",56.25,"1","1",53.75,"5","6","68.75"
"185","Lie","Dutch","Emotional","25",943.8,0.188679245283019,20,0,"College Sociale Wetenschappen","Dutch","5","5",92.5,"4","5",57.5,"6","6","98.75"
"186","Truth","Dutch","Emotional","25",898.678571428571,0.188679245283019,20,0,"College Sociale Wetenschappen","Dutch","5","5",92.5,"4","5",57.5,"6","6","98.75"
"187","Lie","English","Emotional","25",997.035714285714,0.117647058823529,20,0,"College Sociale Wetenschappen","Dutch","5","5",92.5,"4","5",57.5,"6","6","98.75"
"188","Truth","English","Emotional","25",948.913043478261,0.117647058823529,20,0,"College Sociale Wetenschappen","Dutch","5","5",92.5,"4","5",57.5,"6","6","98.75"
"189","Lie","Dutch","Neutral","25",952.961538461538,0,20,0,"College Sociale Wetenschappen","Dutch","5","5",92.5,"4","5",57.5,"6","6","98.75"
"190","Truth","Dutch","Neutral","25",818.5,0,20,0,"College Sociale Wetenschappen","Dutch","5","5",92.5,"4","5",57.5,"6","6","98.75"
"191","Lie","English","Neutral","25",983.130434782609,0,20,0,"College Sociale Wetenschappen","Dutch","5","5",92.5,"4","5",57.5,"6","6","98.75"
"192","Truth","English","Neutral","25",975.758620689655,0,20,0,"College Sociale Wetenschappen","Dutch","5","5",92.5,"4","5",57.5,"6","6","98.75"
"193","Lie","Dutch","Emotional","26",801.033333333333,0.769230769230769,19,0,"Psychologie","Dutch","5","5",77.5,"2","4",58.75,"6","6","88.75"
"194","Truth","Dutch","Emotional","26",625.909090909091,0.769230769230769,19,0,"Psychologie","Dutch","5","5",77.5,"2","4",58.75,"6","6","88.75"
"195","Lie","English","Emotional","26",805.090909090909,0.769230769230769,19,0,"Psychologie","Dutch","5","5",77.5,"2","4",58.75,"6","6","88.75"
"196","Truth","English","Emotional","26",695.2,0.769230769230769,19,0,"Psychologie","Dutch","5","5",77.5,"2","4",58.75,"6","6","88.75"
"197","Lie","Dutch","Neutral","26",816.95652173913,0,19,0,"Psychologie","Dutch","5","5",77.5,"2","4",58.75,"6","6","88.75"
"198","Truth","Dutch","Neutral","26",747.346153846154,0,19,0,"Psychologie","Dutch","5","5",77.5,"2","4",58.75,"6","6","88.75"
"199","Lie","English","Neutral","26",867,0,19,0,"Psychologie","Dutch","5","5",77.5,"2","4",58.75,"6","6","88.75"
"200","Truth","English","Neutral","26",738.84,0,19,0,"Psychologie","Dutch","5","5",77.5,"2","4",58.75,"6","6","88.75"
"201","Lie","Dutch","Emotional","27",1997.36842105263,0.0217391304347826,25,1,"Psychologie","Dutch","5","5",93.75,"1","1",56.25,"6","6","85"
"202","Truth","Dutch","Emotional","27",2046.66666666667,0.0217391304347826,25,1,"Psychologie","Dutch","5","5",93.75,"1","1",56.25,"6","6","85"
"203","Lie","English","Emotional","27",2118,0.104166666666667,25,1,"Psychologie","Dutch","5","5",93.75,"1","1",56.25,"6","6","85"
"204","Truth","English","Emotional","27",1560,0.104166666666667,25,1,"Psychologie","Dutch","5","5",93.75,"1","1",56.25,"6","6","85"
"205","Lie","Dutch","Neutral","27",1630.45454545455,0,25,1,"Psychologie","Dutch","5","5",93.75,"1","1",56.25,"6","6","85"
"206","Truth","Dutch","Neutral","27",1579.09090909091,0,25,1,"Psychologie","Dutch","5","5",93.75,"1","1",56.25,"6","6","85"
"207","Lie","English","Neutral","27",1736.875,0,25,1,"Psychologie","Dutch","5","5",93.75,"1","1",56.25,"6","6","85"
"208","Truth","English","Neutral","27",1465.1724137931,0,25,1,"Psychologie","Dutch","5","5",93.75,"1","1",56.25,"6","6","85"
"209","Lie","Dutch","Emotional","29",1382.85714285714,0.0384615384615385,20,1,"PPLE - Politics Psychology Law Economics","Dutch","6","6",93.75,"1","3",46.25,"6","6","95"
"210","Truth","Dutch","Emotional","29",1461.29032258065,0.0384615384615385,20,1,"PPLE - Politics Psychology Law Economics","Dutch","6","6",93.75,"1","3",46.25,"6","6","95"
"211","Lie","English","Emotional","29",1403.80952380952,0.0363636363636364,20,1,"PPLE - Politics Psychology Law Economics","Dutch","6","6",93.75,"1","3",46.25,"6","6","95"
"212","Truth","English","Emotional","29",965.882352941176,0.0363636363636364,20,1,"PPLE - Politics Psychology Law Economics","Dutch","6","6",93.75,"1","3",46.25,"6","6","95"
"213","Lie","Dutch","Neutral","29",1525.3125,0,20,1,"PPLE - Politics Psychology Law Economics","Dutch","6","6",93.75,"1","3",46.25,"6","6","95"
"214","Truth","Dutch","Neutral","29",1804.09090909091,0,20,1,"PPLE - Politics Psychology Law Economics","Dutch","6","6",93.75,"1","3",46.25,"6","6","95"
"215","Lie","English","Neutral","29",1176.77419354839,0,20,1,"PPLE - Politics Psychology Law Economics","Dutch","6","6",93.75,"1","3",46.25,"6","6","95"
"216","Truth","English","Neutral","29",968.095238095238,0,20,1,"PPLE - Politics Psychology Law Economics","Dutch","6","6",93.75,"1","3",46.25,"6","6","95"
"217","Lie","Dutch","Emotional","30",3310.5,0.333333333333333,26,1,"Graduate school of Social Sciences","Dutch","5","6",62.5,"1","1",51.25,"6","6","58.75"
"218","Truth","Dutch","Emotional","30",2023.6,0.333333333333333,26,1,"Graduate school of Social Sciences","Dutch","5","6",62.5,"1","1",51.25,"6","6","58.75"
"219","Lie","English","Emotional","30",2614,0.325,26,1,"Graduate school of Social Sciences","Dutch","5","6",62.5,"1","1",51.25,"6","6","58.75"
"220","Truth","English","Emotional","30",1513,0.325,26,1,"Graduate school of Social Sciences","Dutch","5","6",62.5,"1","1",51.25,"6","6","58.75"
"221","Lie","Dutch","Neutral","30",2475,0.369565217391304,26,1,"Graduate school of Social Sciences","Dutch","5","6",62.5,"1","1",51.25,"6","6","58.75"
"222","Truth","Dutch","Neutral","30",2417.5,0.369565217391304,26,1,"Graduate school of Social Sciences","Dutch","5","6",62.5,"1","1",51.25,"6","6","58.75"
"223","Lie","English","Neutral","30",2247.39130434783,0.526315789473684,26,1,"Graduate school of Social Sciences","Dutch","5","6",62.5,"1","1",51.25,"6","6","58.75"
"224","Truth","English","Neutral","30",2236,0.526315789473684,26,1,"Graduate school of Social Sciences","Dutch","5","6",62.5,"1","1",51.25,"6","6","58.75"
"225","Lie","Dutch","Emotional","31",1804.55555555556,0.14,22,0,"Psychologie","Dutch","5","5",85,"1","2",57.5,"6","6","82.5"
"226","Truth","Dutch","Emotional","31",1371.73913043478,0.14,22,0,"Psychologie","Dutch","5","5",85,"1","2",57.5,"6","6","82.5"
"227","Lie","English","Emotional","31",2183.48275862069,0.115384615384615,22,0,"Psychologie","Dutch","5","5",85,"1","2",57.5,"6","6","82.5"
"228","Truth","English","Emotional","31",1484.82608695652,0.115384615384615,22,0,"Psychologie","Dutch","5","5",85,"1","2",57.5,"6","6","82.5"
"229","Lie","Dutch","Neutral","31",1768.26086956522,0,22,0,"Psychologie","Dutch","5","5",85,"1","2",57.5,"6","6","82.5"
"230","Truth","Dutch","Neutral","31",1289.66666666667,0,22,0,"Psychologie","Dutch","5","5",85,"1","2",57.5,"6","6","82.5"
"231","Lie","English","Neutral","31",1763.85714285714,0,22,0,"Psychologie","Dutch","5","5",85,"1","2",57.5,"6","6","82.5"
"232","Truth","English","Neutral","31",1645.18181818182,0,22,0,"Psychologie","Dutch","5","5",85,"1","2",57.5,"6","6","82.5"
"233","Lie","Dutch","Emotional","32",1806.15384615385,0.509433962264151,23,1,"College of Science domein Exacte Wetenschappen","Dutch","5","5",82.5,"2","3",47.5,"6","6","85"
"234","Truth","Dutch","Emotional","32",1332.59259259259,0.509433962264151,23,1,"College of Science domein Exacte Wetenschappen","Dutch","5","5",82.5,"2","3",47.5,"6","6","85"
"235","Lie","English","Emotional","32",1412.85714285714,0.529411764705882,23,1,"College of Science domein Exacte Wetenschappen","Dutch","5","5",82.5,"2","3",47.5,"6","6","85"
"236","Truth","English","Emotional","32",1337.66666666667,0.529411764705882,23,1,"College of Science domein Exacte Wetenschappen","Dutch","5","5",82.5,"2","3",47.5,"6","6","85"
"237","Lie","Dutch","Neutral","32",1764.34615384615,0.0625,23,1,"College of Science domein Exacte Wetenschappen","Dutch","5","5",82.5,"2","3",47.5,"6","6","85"
"238","Truth","Dutch","Neutral","32",1243.18181818182,0.0625,23,1,"College of Science domein Exacte Wetenschappen","Dutch","5","5",82.5,"2","3",47.5,"6","6","85"
"239","Lie","English","Neutral","32",1402.90322580645,0.115384615384615,23,1,"College of Science domein Exacte Wetenschappen","Dutch","5","5",82.5,"2","3",47.5,"6","6","85"
"240","Truth","English","Neutral","32",1339.52380952381,0.115384615384615,23,1,"College of Science domein Exacte Wetenschappen","Dutch","5","5",82.5,"2","3",47.5,"6","6","85"
"241","Lie","Dutch","Emotional","33",543.846153846154,0.193548387096774,19,0,"Psychologie","Dutch","4","5",80,"1","2",52.5,"6","6","91.25"
"242","Truth","Dutch","Emotional","33",500.555555555556,0.193548387096774,19,0,"Psychologie","Dutch","4","5",80,"1","2",52.5,"6","6","91.25"
"243","Lie","English","Emotional","33",501.666666666667,0.172413793103448,19,0,"Psychologie","Dutch","4","5",80,"1","2",52.5,"6","6","91.25"
"244","Truth","English","Emotional","33",572.727272727273,0.172413793103448,19,0,"Psychologie","Dutch","4","5",80,"1","2",52.5,"6","6","91.25"
"245","Lie","Dutch","Neutral","33",517.777777777778,0,19,0,"Psychologie","Dutch","4","5",80,"1","2",52.5,"6","6","91.25"
"246","Truth","Dutch","Neutral","33",520,0,19,0,"Psychologie","Dutch","4","5",80,"1","2",52.5,"6","6","91.25"
"247","Lie","English","Neutral","33",479.166666666667,0,19,0,"Psychologie","Dutch","4","5",80,"1","2",52.5,"6","6","91.25"
"248","Truth","English","Neutral","33",576.111111111111,0,19,0,"Psychologie","Dutch","4","5",80,"1","2",52.5,"6","6","91.25"
"249","Lie","Dutch","Emotional","34",1210.91304347826,0.254901960784314,18,0,"Psychologie","Dutch","5","6",92.5,"1","2",58.75,"6","6","88.75"
"250","Truth","Dutch","Emotional","34",798.25,0.254901960784314,18,0,"Psychologie","Dutch","5","6",92.5,"1","2",58.75,"6","6","88.75"
"251","Lie","English","Emotional","34",1198.88235294118,0.236363636363636,18,0,"Psychologie","Dutch","5","6",92.5,"1","2",58.75,"6","6","88.75"
"252","Truth","English","Emotional","34",894.552631578947,0.236363636363636,18,0,"Psychologie","Dutch","5","6",92.5,"1","2",58.75,"6","6","88.75"
"253","Lie","Dutch","Neutral","34",1114,0,18,0,"Psychologie","Dutch","5","6",92.5,"1","2",58.75,"6","6","88.75"
"254","Truth","Dutch","Neutral","34",861.666666666667,0,18,0,"Psychologie","Dutch","5","6",92.5,"1","2",58.75,"6","6","88.75"
"255","Lie","English","Neutral","34",1048.91666666667,0,18,0,"Psychologie","Dutch","5","6",92.5,"1","2",58.75,"6","6","88.75"
"256","Truth","English","Neutral","34",1023.1875,0,18,0,"Psychologie","Dutch","5","6",92.5,"1","2",58.75,"6","6","88.75"
"257","Lie","Dutch","Emotional","35",1342.73913043478,0,24,1,"Psychologie","Dutch","5","6",83.75,"1","1",56.25,"6","6","90"
"258","Truth","Dutch","Emotional","35",1090.52380952381,0,24,1,"Psychologie","Dutch","5","6",83.75,"1","1",56.25,"6","6","90"
"259","Lie","English","Emotional","35",1441.34782608696,0,24,1,"Psychologie","Dutch","5","6",83.75,"1","1",56.25,"6","6","90"
"260","Truth","English","Emotional","35",1421.96153846154,0,24,1,"Psychologie","Dutch","5","6",83.75,"1","1",56.25,"6","6","90"
"261","Lie","Dutch","Neutral","35",1219.13636363636,0,24,1,"Psychologie","Dutch","5","6",83.75,"1","1",56.25,"6","6","90"
"262","Truth","Dutch","Neutral","35",844.347826086957,0,24,1,"Psychologie","Dutch","5","6",83.75,"1","1",56.25,"6","6","90"
"263","Lie","English","Neutral","35",1515.6,0,24,1,"Psychologie","Dutch","5","6",83.75,"1","1",56.25,"6","6","90"
"264","Truth","English","Neutral","35",1332.25925925926,0,24,1,"Psychologie","Dutch","5","6",83.75,"1","1",56.25,"6","6","90"
"265","Lie","Dutch","Emotional","36",2011.90476190476,0.0425531914893617,21,0,"Psychologie","Dutch","3","3",52.5,"3","3",61.25,"6","6","81.25"
"266","Truth","Dutch","Emotional","36",1621.15384615385,0.0425531914893617,21,0,"Psychologie","Dutch","3","3",52.5,"3","3",61.25,"6","6","81.25"
"267","Lie","English","Emotional","36",1869.52380952381,0.0434782608695652,21,0,"Psychologie","Dutch","3","3",52.5,"3","3",61.25,"6","6","81.25"
"268","Truth","English","Emotional","36",1747.2,0.0434782608695652,21,0,"Psychologie","Dutch","3","3",52.5,"3","3",61.25,"6","6","81.25"
"269","Lie","Dutch","Neutral","36",2024.5,0,21,0,"Psychologie","Dutch","3","3",52.5,"3","3",61.25,"6","6","81.25"
"270","Truth","Dutch","Neutral","36",1493.92857142857,0,21,0,"Psychologie","Dutch","3","3",52.5,"3","3",61.25,"6","6","81.25"
"271","Lie","English","Neutral","36",2064.78260869565,0,21,0,"Psychologie","Dutch","3","3",52.5,"3","3",61.25,"6","6","81.25"
"272","Truth","English","Neutral","36",1822.4,0,21,0,"Psychologie","Dutch","3","3",52.5,"3","3",61.25,"6","6","81.25"
"273","Lie","Dutch","Emotional","37",1313.18181818182,0.326530612244898,28,1,"Anders","Dutch","3","5",58.75,"5","6",50,"5","5","91.25"
"274","Truth","Dutch","Emotional","37",982.962962962963,0.326530612244898,28,1,"Anders","Dutch","3","5",58.75,"5","6",50,"5","5","91.25"
"275","Lie","English","Emotional","37",1314.16666666667,0.384615384615385,28,1,"Anders","Dutch","3","5",58.75,"5","6",50,"5","5","91.25"
"276","Truth","English","Emotional","37",1409.64285714286,0.384615384615385,28,1,"Anders","Dutch","3","5",58.75,"5","6",50,"5","5","91.25"
"277","Lie","Dutch","Neutral","37",1217.5,0.0740740740740741,28,1,"Anders","Dutch","3","5",58.75,"5","6",50,"5","5","91.25"
"278","Truth","Dutch","Neutral","37",1182.69230769231,0.0740740740740741,28,1,"Anders","Dutch","3","5",58.75,"5","6",50,"5","5","91.25"
"279","Lie","English","Neutral","37",1418.14814814815,0.0384615384615385,28,1,"Anders","Dutch","3","5",58.75,"5","6",50,"5","5","91.25"
"280","Truth","English","Neutral","37",1401.6,0.0384615384615385,28,1,"Anders","Dutch","3","5",58.75,"5","6",50,"5","5","91.25"
"281","Lie","Dutch","Emotional","38",2000.37037037037,0.653846153846154,25,1,"College Communicatiewetenschap","Dutch","4","5",72.5,"3","3",70,"6","6","NA"
"282","Truth","Dutch","Emotional","38",1573.2,0.653846153846154,25,1,"College Communicatiewetenschap","Dutch","4","5",72.5,"3","3",70,"6","6","NA"
"283","Lie","English","Emotional","38",2067.58620689655,0.82,25,1,"College Communicatiewetenschap","Dutch","4","5",72.5,"3","3",70,"6","6","NA"
"284","Truth","English","Emotional","38",1740.47619047619,0.82,25,1,"College Communicatiewetenschap","Dutch","4","5",72.5,"3","3",70,"6","6","NA"
"285","Lie","Dutch","Neutral","38",1833.22727272727,0.14,25,1,"College Communicatiewetenschap","Dutch","4","5",72.5,"3","3",70,"6","6","NA"
"286","Truth","Dutch","Neutral","38",1576.10714285714,0.14,25,1,"College Communicatiewetenschap","Dutch","4","5",72.5,"3","3",70,"6","6","NA"
"287","Lie","English","Neutral","38",2382.68421052632,0.0612244897959184,25,1,"College Communicatiewetenschap","Dutch","4","5",72.5,"3","3",70,"6","6","NA"
"288","Truth","English","Neutral","38",1800.4,0.0612244897959184,25,1,"College Communicatiewetenschap","Dutch","4","5",72.5,"3","3",70,"6","6","NA"
"289","Lie","Dutch","Emotional","39",1394.28571428571,0.319148936170213,18,1,"Graduate School of Communication","Dutch","6","6",91.25,"3","3",65,"6","6","90"
"290","Truth","Dutch","Emotional","39",856.923076923077,0.319148936170213,18,1,"Graduate School of Communication","Dutch","6","6",91.25,"3","3",65,"6","6","90"
"291","Lie","English","Emotional","39",1113,0.254901960784314,18,1,"Graduate School of Communication","Dutch","6","6",91.25,"3","3",65,"6","6","90"
"292","Truth","English","Emotional","39",1045.04166666667,0.254901960784314,18,1,"Graduate School of Communication","Dutch","6","6",91.25,"3","3",65,"6","6","90"
"293","Lie","Dutch","Neutral","39",923.703703703704,0.0408163265306122,18,1,"Graduate School of Communication","Dutch","6","6",91.25,"3","3",65,"6","6","90"
"294","Truth","Dutch","Neutral","39",757.818181818182,0.0408163265306122,18,1,"Graduate School of Communication","Dutch","6","6",91.25,"3","3",65,"6","6","90"
"295","Lie","English","Neutral","39",1076.57692307692,0.0363636363636364,18,1,"Graduate School of Communication","Dutch","6","6",91.25,"3","3",65,"6","6","90"
"296","Truth","English","Neutral","39",991.068965517241,0.0363636363636364,18,1,"Graduate School of Communication","Dutch","6","6",91.25,"3","3",65,"6","6","90"
"297","Lie","Dutch","Emotional","40",1184.20689655172,0.326923076923077,19,0,"Psychologie","Dutch","5","5",93.75,"1","1",50,"6","6","87.5"
"298","Truth","Dutch","Emotional","40",784.826086956522,0.326923076923077,19,0,"Psychologie","Dutch","5","5",93.75,"1","1",50,"6","6","87.5"
"299","Lie","English","Emotional","40",1074.11111111111,0.30188679245283,19,0,"Psychologie","Dutch","5","5",93.75,"1","1",50,"6","6","87.5"
"300","Truth","English","Emotional","40",1004.26923076923,0.30188679245283,19,0,"Psychologie","Dutch","5","5",93.75,"1","1",50,"6","6","87.5"
"301","Lie","Dutch","Neutral","40",1098.75,0.0384615384615385,19,0,"Psychologie","Dutch","5","5",93.75,"1","1",50,"6","6","87.5"
"302","Truth","Dutch","Neutral","40",817.892857142857,0.0384615384615385,19,0,"Psychologie","Dutch","5","5",93.75,"1","1",50,"6","6","87.5"
"303","Lie","English","Neutral","40",1039.68,0.037037037037037,19,0,"Psychologie","Dutch","5","5",93.75,"1","1",50,"6","6","87.5"
"304","Truth","English","Neutral","40",930.413793103448,0.037037037037037,19,0,"Psychologie","Dutch","5","5",93.75,"1","1",50,"6","6","87.5"
"305","Lie","Dutch","Emotional","41",1734.28571428571,0.133333333333333,21,0,"Psychologie","German","4","5",73.75,"6","6",95,"6","6","NA"
"306","Truth","Dutch","Emotional","41",1732.5,0.133333333333333,21,0,"Psychologie","German","4","5",73.75,"6","6",95,"6","6","NA"
"307","Lie","English","Emotional","41",1889.28571428571,0.127659574468085,21,0,"Psychologie","German","4","5",73.75,"6","6",95,"6","6","NA"
"308","Truth","English","Emotional","41",1758.94736842105,0.127659574468085,21,0,"Psychologie","German","4","5",73.75,"6","6",95,"6","6","NA"
"309","Lie","Dutch","Neutral","41",1606.53846153846,0,21,0,"Psychologie","German","4","5",73.75,"6","6",95,"6","6","NA"
"310","Truth","Dutch","Neutral","41",1129.61538461538,0,21,0,"Psychologie","German","4","5",73.75,"6","6",95,"6","6","NA"
"311","Lie","English","Neutral","41",1636.84210526316,0,21,0,"Psychologie","German","4","5",73.75,"6","6",95,"6","6","NA"
"312","Truth","English","Neutral","41",1669.28571428571,0,21,0,"Psychologie","German","4","5",73.75,"6","6",95,"6","6","NA"
"313","Lie","Dutch","Emotional","42",1147.30769230769,0.0188679245283019,20,0,"Anders","Dutch","5","5",68.75,"1","1",51.25,"6","6","96.25"
"314","Truth","Dutch","Emotional","42",895.925925925926,0.0188679245283019,20,0,"Anders","Dutch","5","5",68.75,"1","1",51.25,"6","6","96.25"
"315","Lie","English","Emotional","42",1465,0.0727272727272727,20,0,"Anders","Dutch","5","5",68.75,"1","1",51.25,"6","6","96.25"
"316","Truth","English","Emotional","42",1028.26086956522,0.0727272727272727,20,0,"Anders","Dutch","5","5",68.75,"1","1",51.25,"6","6","96.25"
"317","Lie","Dutch","Neutral","42",1218.14814814815,0,20,0,"Anders","Dutch","5","5",68.75,"1","1",51.25,"6","6","96.25"
"318","Truth","Dutch","Neutral","42",811.851851851852,0,20,0,"Anders","Dutch","5","5",68.75,"1","1",51.25,"6","6","96.25"
"319","Lie","English","Neutral","42",1310.52631578947,0,20,0,"Anders","Dutch","5","5",68.75,"1","1",51.25,"6","6","96.25"
"320","Truth","English","Neutral","42",1082.75862068966,0,20,0,"Anders","Dutch","5","5",68.75,"1","1",51.25,"6","6","96.25"
"321","Lie","Dutch","Emotional","43",1604.81481481481,0.535714285714286,20,1,"Psychologie","Dutch","6","6",97.5,"2","2",58.75,"6","6","91.25"
"322","Truth","Dutch","Emotional","43",1308.96551724138,0.535714285714286,20,1,"Psychologie","Dutch","6","6",97.5,"2","2",58.75,"6","6","91.25"
"323","Lie","English","Emotional","43",1412.5,0.529411764705882,20,1,"Psychologie","Dutch","6","6",97.5,"2","2",58.75,"6","6","91.25"
"324","Truth","English","Emotional","43",1254.07407407407,0.529411764705882,20,1,"Psychologie","Dutch","6","6",97.5,"2","2",58.75,"6","6","91.25"
"325","Lie","Dutch","Neutral","43",1451.92307692308,0,20,1,"Psychologie","Dutch","6","6",97.5,"2","2",58.75,"6","6","91.25"
"326","Truth","Dutch","Neutral","43",893.75,0,20,1,"Psychologie","Dutch","6","6",97.5,"2","2",58.75,"6","6","91.25"
"327","Lie","English","Neutral","43",1315.2,0.0377358490566038,20,1,"Psychologie","Dutch","6","6",97.5,"2","2",58.75,"6","6","91.25"
"328","Truth","English","Neutral","43",1150.35714285714,0.0377358490566038,20,1,"Psychologie","Dutch","6","6",97.5,"2","2",58.75,"6","6","91.25"
"329","Lie","Dutch","Emotional","44",1895.78571428571,0.566037735849057,34,1,"Anders","Dutch","6","5",97.5,"2","2",63.75,"6","6","95"
"330","Truth","Dutch","Emotional","44",1851.64,0.566037735849057,34,1,"Anders","Dutch","6","5",97.5,"2","2",63.75,"6","6","95"
"331","Lie","English","Emotional","44",2253.57142857143,0.647058823529412,34,1,"Anders","Dutch","6","5",97.5,"2","2",63.75,"6","6","95"
"332","Truth","English","Emotional","44",1939.17391304348,0.647058823529412,34,1,"Anders","Dutch","6","5",97.5,"2","2",63.75,"6","6","95"
"333","Lie","Dutch","Neutral","44",1770.04,0.113207547169811,34,1,"Anders","Dutch","6","5",97.5,"2","2",63.75,"6","6","95"
"334","Truth","Dutch","Neutral","44",1943.92857142857,0.113207547169811,34,1,"Anders","Dutch","6","5",97.5,"2","2",63.75,"6","6","95"
"335","Lie","English","Neutral","44",2217.91666666667,0.0754716981132075,34,1,"Anders","Dutch","6","5",97.5,"2","2",63.75,"6","6","95"
"336","Truth","English","Neutral","44",2040.37931034483,0.0754716981132075,34,1,"Anders","Dutch","6","5",97.5,"2","2",63.75,"6","6","95"
"337","Lie","Dutch","Emotional","46",650.833333333333,0.150943396226415,26,0,"Psychologie","Dutch","4","4",72.5,"2","3",55,"6","6","92.5"
"338","Truth","Dutch","Emotional","46",695.172413793103,0.150943396226415,26,0,"Psychologie","Dutch","4","4",72.5,"2","3",55,"6","6","92.5"
"339","Lie","English","Emotional","46",699.583333333333,0.191489361702128,26,0,"Psychologie","Dutch","4","4",72.5,"2","3",55,"6","6","92.5"
"340","Truth","English","Emotional","46",730.434782608696,0.191489361702128,26,0,"Psychologie","Dutch","4","4",72.5,"2","3",55,"6","6","92.5"
"341","Lie","Dutch","Neutral","46",746.4,0,26,0,"Psychologie","Dutch","4","4",72.5,"2","3",55,"6","6","92.5"
"342","Truth","Dutch","Neutral","46",703.846153846154,0,26,0,"Psychologie","Dutch","4","4",72.5,"2","3",55,"6","6","92.5"
"343","Lie","English","Neutral","46",740,0,26,0,"Psychologie","Dutch","4","4",72.5,"2","3",55,"6","6","92.5"
"344","Truth","English","Neutral","46",827.142857142857,0,26,0,"Psychologie","Dutch","4","4",72.5,"2","3",55,"6","6","92.5"
"345","Lie","Dutch","Emotional","47",1477.82608695652,0.519230769230769,20,0,"Psychologie","Dutch","3","4",71.25,"1","1",65,"6","6","91.25"
"346","Truth","Dutch","Emotional","47",953.793103448276,0.519230769230769,20,0,"Psychologie","Dutch","3","4",71.25,"1","1",65,"6","6","91.25"
"347","Lie","English","Emotional","47",1354.58333333333,0.444444444444444,20,0,"Psychologie","Dutch","3","4",71.25,"1","1",65,"6","6","91.25"
"348","Truth","English","Emotional","47",1170,0.444444444444444,20,0,"Psychologie","Dutch","3","4",71.25,"1","1",65,"6","6","91.25"
"349","Lie","Dutch","Neutral","47",1358.62068965517,0,20,0,"Psychologie","Dutch","3","4",71.25,"1","1",65,"6","6","91.25"
"350","Truth","Dutch","Neutral","47",919.2,0,20,0,"Psychologie","Dutch","3","4",71.25,"1","1",65,"6","6","91.25"
"351","Lie","English","Neutral","47",1430.71428571429,0,20,0,"Psychologie","Dutch","3","4",71.25,"1","1",65,"6","6","91.25"
"352","Truth","English","Neutral","47",1178.07692307692,0,20,0,"Psychologie","Dutch","3","4",71.25,"1","1",65,"6","6","91.25"
"353","Lie","Dutch","Emotional","48",1447.79166666667,0.588235294117647,22,0,"Graduate school of Social Sciences","Dutch","5","6",67.5,"1","2",57.5,"6","6","93.75"
"354","Truth","Dutch","Emotional","48",1175.59259259259,0.588235294117647,22,0,"Graduate school of Social Sciences","Dutch","5","6",67.5,"1","2",57.5,"6","6","93.75"
"355","Lie","English","Emotional","48",1431.15789473684,0.58695652173913,22,0,"Graduate school of Social Sciences","Dutch","5","6",67.5,"1","2",57.5,"6","6","93.75"
"356","Truth","English","Emotional","48",1316.2962962963,0.58695652173913,22,0,"Graduate school of Social Sciences","Dutch","5","6",67.5,"1","2",57.5,"6","6","93.75"
"357","Lie","Dutch","Neutral","48",1378.11538461538,0.122448979591837,22,0,"Graduate school of Social Sciences","Dutch","5","6",67.5,"1","2",57.5,"6","6","93.75"
"358","Truth","Dutch","Neutral","48",1173.34782608696,0.122448979591837,22,0,"Graduate school of Social Sciences","Dutch","5","6",67.5,"1","2",57.5,"6","6","93.75"
"359","Lie","English","Neutral","48",1415.03703703704,0.0980392156862745,22,0,"Graduate school of Social Sciences","Dutch","5","6",67.5,"1","2",57.5,"6","6","93.75"
"360","Truth","English","Neutral","48",1240.41666666667,0.0980392156862745,22,0,"Graduate school of Social Sciences","Dutch","5","6",67.5,"1","2",57.5,"6","6","93.75"
"361","Lie","Dutch","Emotional","49",1521.82142857143,0.215686274509804,26,0,"Anders","Dutch","5","5",92.5,"2","3",60,"6","6","NA"
"362","Truth","Dutch","Emotional","49",1247.4347826087,0.215686274509804,26,0,"Anders","Dutch","5","5",92.5,"2","3",60,"6","6","NA"
"363","Lie","English","Emotional","49",1448.55555555556,0.18,26,0,"Anders","Dutch","5","5",92.5,"2","3",60,"6","6","NA"
"364","Truth","English","Emotional","49",1238.34782608696,0.18,26,0,"Anders","Dutch","5","5",92.5,"2","3",60,"6","6","NA"
"365","Lie","Dutch","Neutral","49",1451.66666666667,0,26,0,"Anders","Dutch","5","5",92.5,"2","3",60,"6","6","NA"
"366","Truth","Dutch","Neutral","49",1169,0,26,0,"Anders","Dutch","5","5",92.5,"2","3",60,"6","6","NA"
"367","Lie","English","Neutral","49",1470.47826086957,0,26,0,"Anders","Dutch","5","5",92.5,"2","3",60,"6","6","NA"
"368","Truth","English","Neutral","49",1354.48275862069,0,26,0,"Anders","Dutch","5","5",92.5,"2","3",60,"6","6","NA"
"369","Lie","Dutch","Emotional","50",1704.68181818182,0.488888888888889,27,1,"Psychologie","Dutch","5","6",82.5,"1","1",66.25,"6","6","83.75"
"370","Truth","Dutch","Emotional","50",1422.52173913043,0.488888888888889,27,1,"Psychologie","Dutch","5","6",82.5,"1","1",66.25,"6","6","83.75"
"371","Lie","English","Emotional","50",1899.31818181818,0.42,27,1,"Psychologie","Dutch","5","6",82.5,"1","1",66.25,"6","6","83.75"
"372","Truth","English","Emotional","50",1648.10714285714,0.42,27,1,"Psychologie","Dutch","5","6",82.5,"1","1",66.25,"6","6","83.75"
"373","Lie","Dutch","Neutral","50",1527.9,0.05,27,1,"Psychologie","Dutch","5","6",82.5,"1","1",66.25,"6","6","83.75"
"374","Truth","Dutch","Neutral","50",1838.2,0.05,27,1,"Psychologie","Dutch","5","6",82.5,"1","1",66.25,"6","6","83.75"
"375","Lie","English","Neutral","50",1625.03448275862,0.0377358490566038,27,1,"Psychologie","Dutch","5","6",82.5,"1","1",66.25,"6","6","83.75"
"376","Truth","English","Neutral","50",1666.875,0.0377358490566038,27,1,"Psychologie","Dutch","5","6",82.5,"1","1",66.25,"6","6","83.75"
"377","Lie","Dutch","Emotional","52",964.84,0.423076923076923,21,0,"Psychologie","Dutch","4","5",80,"2","2",48.75,"6","6","NA"
"378","Truth","Dutch","Emotional","52",728.518518518518,0.423076923076923,21,0,"Psychologie","Dutch","4","5",80,"2","2",48.75,"6","6","NA"
"379","Lie","English","Emotional","52",934.4,0.431372549019608,21,0,"Psychologie","Dutch","4","5",80,"2","2",48.75,"6","6","NA"
"380","Truth","English","Emotional","52",877.692307692308,0.431372549019608,21,0,"Psychologie","Dutch","4","5",80,"2","2",48.75,"6","6","NA"
"381","Lie","Dutch","Neutral","52",871.923076923077,0.0384615384615385,21,0,"Psychologie","Dutch","4","5",80,"2","2",48.75,"6","6","NA"
"382","Truth","Dutch","Neutral","52",727.692307692308,0.0384615384615385,21,0,"Psychologie","Dutch","4","5",80,"2","2",48.75,"6","6","NA"
"383","Lie","English","Neutral","52",841.666666666667,0.0392156862745098,21,0,"Psychologie","Dutch","4","5",80,"2","2",48.75,"6","6","NA"
"384","Truth","English","Neutral","52",1117.40740740741,0.0392156862745098,21,0,"Psychologie","Dutch","4","5",80,"2","2",48.75,"6","6","NA"
"385","Lie","Dutch","Emotional","53",1054,0.318181818181818,20,0,"Psychologie","Dutch","2","3",68.75,"1","1",47.5,"6","6","88.75"
"386","Truth","Dutch","Emotional","53",841.25,0.318181818181818,20,0,"Psychologie","Dutch","2","3",68.75,"1","1",47.5,"6","6","88.75"
"387","Lie","English","Emotional","53",1160.4347826087,0.352941176470588,20,0,"Psychologie","Dutch","2","3",68.75,"1","1",47.5,"6","6","88.75"
"388","Truth","English","Emotional","53",1024.64285714286,0.352941176470588,20,0,"Psychologie","Dutch","2","3",68.75,"1","1",47.5,"6","6","88.75"
"389","Lie","Dutch","Neutral","53",1188.18181818182,0,20,0,"Psychologie","Dutch","2","3",68.75,"1","1",47.5,"6","6","88.75"
"390","Truth","Dutch","Neutral","53",674.074074074074,0,20,0,"Psychologie","Dutch","2","3",68.75,"1","1",47.5,"6","6","88.75"
"391","Lie","English","Neutral","53",1234.8,0,20,0,"Psychologie","Dutch","2","3",68.75,"1","1",47.5,"6","6","88.75"
"392","Truth","English","Neutral","53",917.083333333333,0,20,0,"Psychologie","Dutch","2","3",68.75,"1","1",47.5,"6","6","88.75"
"393","Lie","Dutch","Emotional","54",1248.46153846154,0.411764705882353,23,0,"Amsterdam Graduate Law School","Dutch","5","6",78.75,"1","3",50,"6","6","93.75"
"394","Truth","Dutch","Emotional","54",834.4,0.411764705882353,23,0,"Amsterdam Graduate Law School","Dutch","5","6",78.75,"1","3",50,"6","6","93.75"
"395","Lie","English","Emotional","54",1160.86956521739,0.46,23,0,"Amsterdam Graduate Law School","Dutch","5","6",78.75,"1","3",50,"6","6","93.75"
"396","Truth","English","Emotional","54",992.962962962963,0.46,23,0,"Amsterdam Graduate Law School","Dutch","5","6",78.75,"1","3",50,"6","6","93.75"
"397","Lie","Dutch","Neutral","54",1135.41666666667,0,23,0,"Amsterdam Graduate Law School","Dutch","5","6",78.75,"1","3",50,"6","6","93.75"
"398","Truth","Dutch","Neutral","54",772.5,0,23,0,"Amsterdam Graduate Law School","Dutch","5","6",78.75,"1","3",50,"6","6","93.75"
"399","Lie","English","Neutral","54",1121.75,0,23,0,"Amsterdam Graduate Law School","Dutch","5","6",78.75,"1","3",50,"6","6","93.75"
"400","Truth","English","Neutral","54",915.6,0,23,0,"Amsterdam Graduate Law School","Dutch","5","6",78.75,"1","3",50,"6","6","93.75"
"401","Lie","Dutch","Emotional","55",1567.39130434783,0.644444444444444,23,1,"Anders","Dutch","5","6",93.75,"2","3",60,"6","6","88.75"
"402","Truth","Dutch","Emotional","55",1556.36363636364,0.644444444444444,23,1,"Anders","Dutch","5","6",93.75,"2","3",60,"6","6","88.75"
"403","Lie","English","Emotional","55",1598.8,0.705882352941177,23,1,"Anders","Dutch","5","6",93.75,"2","3",60,"6","6","88.75"
"404","Truth","English","Emotional","55",1628.46153846154,0.705882352941177,23,1,"Anders","Dutch","5","6",93.75,"2","3",60,"6","6","88.75"
"405","Lie","Dutch","Neutral","55",1715.92592592593,0,23,1,"Anders","Dutch","5","6",93.75,"2","3",60,"6","6","88.75"
"406","Truth","Dutch","Neutral","55",1195.55555555556,0,23,1,"Anders","Dutch","5","6",93.75,"2","3",60,"6","6","88.75"
"407","Lie","English","Neutral","55",1534.44444444444,0,23,1,"Anders","Dutch","5","6",93.75,"2","3",60,"6","6","88.75"
"408","Truth","English","Neutral","55",1622.8,0,23,1,"Anders","Dutch","5","6",93.75,"2","3",60,"6","6","88.75"
"409","Lie","Dutch","Emotional","56",1037.82608695652,0.313725490196078,21,0,"Psychologie","Dutch","6","5",68.75,"1","2",53.75,"6","6","91.25"
"410","Truth","Dutch","Emotional","56",982.142857142857,0.313725490196078,21,0,"Psychologie","Dutch","6","5",68.75,"1","2",53.75,"6","6","91.25"
"411","Lie","English","Emotional","56",1048.8,0.222222222222222,21,0,"Psychologie","Dutch","6","5",68.75,"1","2",53.75,"6","6","91.25"
"412","Truth","English","Emotional","56",1057.58620689655,0.222222222222222,21,0,"Psychologie","Dutch","6","5",68.75,"1","2",53.75,"6","6","91.25"
"413","Lie","Dutch","Neutral","56",967.857142857143,0,21,0,"Psychologie","Dutch","6","5",68.75,"1","2",53.75,"6","6","91.25"
"414","Truth","Dutch","Neutral","56",890.4,0,21,0,"Psychologie","Dutch","6","5",68.75,"1","2",53.75,"6","6","91.25"
"415","Lie","English","Neutral","56",1121,0,21,0,"Psychologie","Dutch","6","5",68.75,"1","2",53.75,"6","6","91.25"
"416","Truth","English","Neutral","56",996.8,0,21,0,"Psychologie","Dutch","6","5",68.75,"1","2",53.75,"6","6","91.25"
"417","Lie","Dutch","Emotional","57",1221.66666666667,0.211538461538462,19,0,"Psychologie","Dutch","4","4",68.75,"2","3",56.25,"6","6","87.5"
"418","Truth","Dutch","Emotional","57",1172.64705882353,0.211538461538462,19,0,"Psychologie","Dutch","4","4",68.75,"2","3",56.25,"6","6","87.5"
"419","Lie","English","Emotional","57",1568.33333333333,0.244897959183673,19,0,"Psychologie","Dutch","4","4",68.75,"2","3",56.25,"6","6","87.5"
"420","Truth","English","Emotional","57",1829.2,0.244897959183673,19,0,"Psychologie","Dutch","4","4",68.75,"2","3",56.25,"6","6","87.5"
"421","Lie","Dutch","Neutral","57",1228,0,19,0,"Psychologie","Dutch","4","4",68.75,"2","3",56.25,"6","6","87.5"
"422","Truth","Dutch","Neutral","57",1128.05,0,19,0,"Psychologie","Dutch","4","4",68.75,"2","3",56.25,"6","6","87.5"
"423","Lie","English","Neutral","57",1708.84,0,19,0,"Psychologie","Dutch","4","4",68.75,"2","3",56.25,"6","6","87.5"
"424","Truth","English","Neutral","57",1488.33333333333,0,19,0,"Psychologie","Dutch","4","4",68.75,"2","3",56.25,"6","6","87.5"
"425","Lie","Dutch","Emotional","58",1592.41379310345,0.431372549019608,40,0,"Psychologie","Dutch","6","6",93.75,"3","3",62.5,"6","6","93.75"
"426","Truth","Dutch","Emotional","58",1195,0.431372549019608,40,0,"Psychologie","Dutch","6","6",93.75,"3","3",62.5,"6","6","93.75"
"427","Lie","English","Emotional","58",1648.76,0.450980392156863,40,0,"Psychologie","Dutch","6","6",93.75,"3","3",62.5,"6","6","93.75"
"428","Truth","English","Emotional","58",1431.53846153846,0.450980392156863,40,0,"Psychologie","Dutch","6","6",93.75,"3","3",62.5,"6","6","93.75"
"429","Lie","Dutch","Neutral","58",1696.76,0.0612244897959184,40,0,"Psychologie","Dutch","6","6",93.75,"3","3",62.5,"6","6","93.75"
"430","Truth","Dutch","Neutral","58",1010,0.0612244897959184,40,0,"Psychologie","Dutch","6","6",93.75,"3","3",62.5,"6","6","93.75"
"431","Lie","English","Neutral","58",1754.77777777778,0.0769230769230769,40,0,"Psychologie","Dutch","6","6",93.75,"3","3",62.5,"6","6","93.75"
"432","Truth","English","Neutral","58",1287.2,0.0769230769230769,40,0,"Psychologie","Dutch","6","6",93.75,"3","3",62.5,"6","6","93.75"
"433","Lie","Dutch","Emotional","59",1742.08333333333,0.553191489361702,21,0,"Psychologie","Dutch","4","5",73.75,"1","3",57.5,"6","6","93.75"
"434","Truth","Dutch","Emotional","59",1116.52173913043,0.553191489361702,21,0,"Psychologie","Dutch","4","5",73.75,"1","3",57.5,"6","6","93.75"
"435","Lie","English","Emotional","59",1542.125,0.574468085106383,21,0,"Psychologie","Dutch","4","5",73.75,"1","3",57.5,"6","6","93.75"
"436","Truth","English","Emotional","59",1226.52173913043,0.574468085106383,21,0,"Psychologie","Dutch","4","5",73.75,"1","3",57.5,"6","6","93.75"
"437","Lie","Dutch","Neutral","59",1667.14285714286,0,21,0,"Psychologie","Dutch","4","5",73.75,"1","3",57.5,"6","6","93.75"
"438","Truth","Dutch","Neutral","59",981.111111111111,0,21,0,"Psychologie","Dutch","4","5",73.75,"1","3",57.5,"6","6","93.75"
"439","Lie","English","Neutral","59",1382.95833333333,0,21,0,"Psychologie","Dutch","4","5",73.75,"1","3",57.5,"6","6","93.75"
"440","Truth","English","Neutral","59",1308.88,0,21,0,"Psychologie","Dutch","4","5",73.75,"1","3",57.5,"6","6","93.75"
"441","Lie","Dutch","Emotional","60",2605.16,0.365384615384615,27,0,"Psychologie","Dutch","6","6",95,"3","4",75,"6","6","87.5"
"442","Truth","Dutch","Emotional","60",1825.92592592593,0.365384615384615,27,0,"Psychologie","Dutch","6","6",95,"3","4",75,"6","6","87.5"
"443","Lie","English","Emotional","60",2461.58333333333,0.5,27,0,"Psychologie","Dutch","6","6",95,"3","4",75,"6","6","87.5"
"444","Truth","English","Emotional","60",2816.67857142857,0.5,27,0,"Psychologie","Dutch","6","6",95,"3","4",75,"6","6","87.5"
"445","Lie","Dutch","Neutral","60",2427.40740740741,0,27,0,"Psychologie","Dutch","6","6",95,"3","4",75,"6","6","87.5"
"446","Truth","Dutch","Neutral","60",1861.48148148148,0,27,0,"Psychologie","Dutch","6","6",95,"3","4",75,"6","6","87.5"
"447","Lie","English","Neutral","60",2358.3,0.0363636363636364,27,0,"Psychologie","Dutch","6","6",95,"3","4",75,"6","6","87.5"
"448","Truth","English","Neutral","60",2348,0.0363636363636364,27,0,"Psychologie","Dutch","6","6",95,"3","4",75,"6","6","87.5"
"449","Lie","Dutch","Emotional","61",1436,0.22,19,0,"College of Science domein Exacte Wetenschappen","Dutch","6","6",83.75,"2","3",60,"6","6","80"
"450","Truth","Dutch","Emotional","61",1142,0.22,19,0,"College of Science domein Exacte Wetenschappen","Dutch","6","6",83.75,"2","3",60,"6","6","80"
"451","Lie","English","Emotional","61",1274.16666666667,0.192307692307692,19,0,"College of Science domein Exacte Wetenschappen","Dutch","6","6",83.75,"2","3",60,"6","6","80"
"452","Truth","English","Emotional","61",1104,0.192307692307692,19,0,"College of Science domein Exacte Wetenschappen","Dutch","6","6",83.75,"2","3",60,"6","6","80"
"453","Lie","Dutch","Neutral","61",1200.86956521739,0,19,0,"College of Science domein Exacte Wetenschappen","Dutch","6","6",83.75,"2","3",60,"6","6","80"
"454","Truth","Dutch","Neutral","61",1178.92857142857,0,19,0,"College of Science domein Exacte Wetenschappen","Dutch","6","6",83.75,"2","3",60,"6","6","80"
"455","Lie","English","Neutral","61",1141.15384615385,0,19,0,"College of Science domein Exacte Wetenschappen","Dutch","6","6",83.75,"2","3",60,"6","6","80"
"456","Truth","English","Neutral","61",1050.83333333333,0,19,0,"College of Science domein Exacte Wetenschappen","Dutch","6","6",83.75,"2","3",60,"6","6","80"
"457","Lie","Dutch","Emotional","62",2328.62068965517,0.08,19,1,"Psychologie","Dutch","4","4",66.25,"2","2",61.25,"6","6","85"
"458","Truth","Dutch","Emotional","62",1794.33333333333,0.08,19,1,"Psychologie","Dutch","4","4",66.25,"2","2",61.25,"6","6","85"
"459","Lie","English","Emotional","62",2363.33333333333,0.115384615384615,19,1,"Psychologie","Dutch","4","4",66.25,"2","2",61.25,"6","6","85"
"460","Truth","English","Emotional","62",1984.28571428571,0.115384615384615,19,1,"Psychologie","Dutch","4","4",66.25,"2","2",61.25,"6","6","85"
"461","Lie","Dutch","Neutral","62",1983.13636363636,0.037037037037037,19,1,"Psychologie","Dutch","4","4",66.25,"2","2",61.25,"6","6","85"
"462","Truth","Dutch","Neutral","62",1818.125,0.037037037037037,19,1,"Psychologie","Dutch","4","4",66.25,"2","2",61.25,"6","6","85"
"463","Lie","English","Neutral","62",2238.42307692308,0.0392156862745098,19,1,"Psychologie","Dutch","4","4",66.25,"2","2",61.25,"6","6","85"
"464","Truth","English","Neutral","62",1914.8,0.0392156862745098,19,1,"Psychologie","Dutch","4","4",66.25,"2","2",61.25,"6","6","85"
"465","Lie","Dutch","Emotional","63",949.6,0.423076923076923,20,0,"Psychologie","Dutch","4","5",68.75,"3","3",62.5,"6","6","80"
"466","Truth","Dutch","Emotional","63",851.111111111111,0.423076923076923,20,0,"Psychologie","Dutch","4","5",68.75,"3","3",62.5,"6","6","80"
"467","Lie","English","Emotional","63",962.592592592593,0.5,20,0,"Psychologie","Dutch","4","5",68.75,"3","3",62.5,"6","6","80"
"468","Truth","English","Emotional","63",799.296296296296,0.5,20,0,"Psychologie","Dutch","4","5",68.75,"3","3",62.5,"6","6","80"
"469","Lie","Dutch","Neutral","63",1099.65217391304,0,20,0,"Psychologie","Dutch","4","5",68.75,"3","3",62.5,"6","6","80"
"470","Truth","Dutch","Neutral","63",749.230769230769,0,20,0,"Psychologie","Dutch","4","5",68.75,"3","3",62.5,"6","6","80"
"471","Lie","English","Neutral","63",1013.64,0,20,0,"Psychologie","Dutch","4","5",68.75,"3","3",62.5,"6","6","80"
"472","Truth","English","Neutral","63",874.851851851852,0,20,0,"Psychologie","Dutch","4","5",68.75,"3","3",62.5,"6","6","80"
"473","Lie","Dutch","Emotional","64",703,0,21,0,"Psychologie","Dutch","5","5",83.75,"1","2",67.5,"6","6","93.75"
"474","Truth","Dutch","Emotional","64",600.48,0,21,0,"Psychologie","Dutch","5","5",83.75,"1","2",67.5,"6","6","93.75"
"475","Lie","English","Emotional","64",720.454545454545,0,21,0,"Psychologie","Dutch","5","5",83.75,"1","2",67.5,"6","6","93.75"
"476","Truth","English","Emotional","64",682.857142857143,0,21,0,"Psychologie","Dutch","5","5",83.75,"1","2",67.5,"6","6","93.75"
"477","Lie","Dutch","Neutral","64",663.192307692308,0,21,0,"Psychologie","Dutch","5","5",83.75,"1","2",67.5,"6","6","93.75"
"478","Truth","Dutch","Neutral","64",650.689655172414,0,21,0,"Psychologie","Dutch","5","5",83.75,"1","2",67.5,"6","6","93.75"
"479","Lie","English","Neutral","64",749.451612903226,0,21,0,"Psychologie","Dutch","5","5",83.75,"1","2",67.5,"6","6","93.75"
"480","Truth","English","Neutral","64",754.166666666667,0,21,0,"Psychologie","Dutch","5","5",83.75,"1","2",67.5,"6","6","93.75"
"481","Lie","Dutch","Emotional","65",1479.92857142857,0.230769230769231,21,1,"College of Economics and Business","Dutch","6","6",97.5,"1","1",52.5,"6","6","95"
"482","Truth","Dutch","Emotional","65",1250,0.230769230769231,21,1,"College of Economics and Business","Dutch","6","6",97.5,"1","1",52.5,"6","6","95"
"483","Lie","English","Emotional","65",1616.52173913043,0.137254901960784,21,1,"College of Economics and Business","Dutch","6","6",97.5,"1","1",52.5,"6","6","95"
"484","Truth","English","Emotional","65",1539.25,0.137254901960784,21,1,"College of Economics and Business","Dutch","6","6",97.5,"1","1",52.5,"6","6","95"
"485","Lie","Dutch","Neutral","65",1442.8,0.0384615384615385,21,1,"College of Economics and Business","Dutch","6","6",97.5,"1","1",52.5,"6","6","95"
"486","Truth","Dutch","Neutral","65",1055.51851851852,0.0384615384615385,21,1,"College of Economics and Business","Dutch","6","6",97.5,"1","1",52.5,"6","6","95"
"487","Lie","English","Neutral","65",1533.66666666667,0.0384615384615385,21,1,"College of Economics and Business","Dutch","6","6",97.5,"1","1",52.5,"6","6","95"
"488","Truth","English","Neutral","65",1396,0.0384615384615385,21,1,"College of Economics and Business","Dutch","6","6",97.5,"1","1",52.5,"6","6","95"
"489","Lie","Dutch","Emotional","66",1265.1724137931,0.0961538461538462,18,0,"Psychologie","Dutch","4","4",85,"1","2",46.25,"6","6","91.25"
"490","Truth","Dutch","Emotional","66",874.782608695652,0.0961538461538462,18,0,"Psychologie","Dutch","4","4",85,"1","2",46.25,"6","6","91.25"
"491","Lie","English","Emotional","66",1018.59090909091,0.117647058823529,18,0,"Psychologie","Dutch","4","4",85,"1","2",46.25,"6","6","91.25"
"492","Truth","English","Emotional","66",1254.48275862069,0.117647058823529,18,0,"Psychologie","Dutch","4","4",85,"1","2",46.25,"6","6","91.25"
"493","Lie","Dutch","Neutral","66",1079.04761904762,0,18,0,"Psychologie","Dutch","4","4",85,"1","2",46.25,"6","6","91.25"
"494","Truth","Dutch","Neutral","66",944.633333333333,0,18,0,"Psychologie","Dutch","4","4",85,"1","2",46.25,"6","6","91.25"
"495","Lie","English","Neutral","66",1214.64285714286,0,18,0,"Psychologie","Dutch","4","4",85,"1","2",46.25,"6","6","91.25"
"496","Truth","English","Neutral","66",1178.63636363636,0,18,0,"Psychologie","Dutch","4","4",85,"1","2",46.25,"6","6","91.25"
"497","Lie","Dutch","Emotional","67",1074.28571428571,0.12,20,0,"College Communicatiewetenschap","Dutch","4","5",72.5,"2","3",55,"6","6","93.75"
"498","Truth","Dutch","Emotional","67",975.862068965517,0.12,20,0,"College Communicatiewetenschap","Dutch","4","5",72.5,"2","3",55,"6","6","93.75"
"499","Lie","English","Emotional","67",1081.81818181818,0.14,20,0,"College Communicatiewetenschap","Dutch","4","5",72.5,"2","3",55,"6","6","93.75"
"500","Truth","English","Emotional","67",1065,0.14,20,0,"College Communicatiewetenschap","Dutch","4","5",72.5,"2","3",55,"6","6","93.75"
"501","Lie","Dutch","Neutral","67",1126.8,0,20,0,"College Communicatiewetenschap","Dutch","4","5",72.5,"2","3",55,"6","6","93.75"
"502","Truth","Dutch","Neutral","67",943.291666666667,0,20,0,"College Communicatiewetenschap","Dutch","4","5",72.5,"2","3",55,"6","6","93.75"
"503","Lie","English","Neutral","67",1117.93103448276,0,20,0,"College Communicatiewetenschap","Dutch","4","5",72.5,"2","3",55,"6","6","93.75"
"504","Truth","English","Neutral","67",981.25,0,20,0,"College Communicatiewetenschap","Dutch","4","5",72.5,"2","3",55,"6","6","93.75"
