"","Consent","Pre_Perc_1","Pre_Cert","C1","Post_Perc_1","Post_Cert","Check","Check_4_TEXT","See","Pet_Agree","Pet_Conv","Pie_Agree","Pie_Conv","Age","Gender","Party","Educ","Occ","Live","ConditionOne","ConditionTwo","ConditionThree","ConditionFour","ConditionFive","Gender_female","Education_college","Party_democrat"
"1",1,97,7,8,97,7,4,"I am paying attention.",5,NA,NA,NA,NA,3,1,1,2,2,1,1,NA,NA,NA,NA,0,1,1
"2",1,78,2,NA,73,2,4,"I am paying attention",2,5,4,NA,NA,2,2,1,1,2,1,NA,NA,1,NA,NA,1,0,1
"3",1,80,5,NA,97,7,4,"I am paying attention.",1,NA,NA,7,7,2,1,2,1,2,1,NA,1,NA,NA,NA,0,0,0
"4",1,95,6,NA,97,7,4,"I am paying attention.",1,NA,NA,7,7,3,2,1,2,2,1,NA,1,NA,NA,NA,1,1,1
"5",1,94,6,8,94,6,4,"I am paying attention",5,NA,NA,NA,NA,2,1,2,2,2,1,1,NA,NA,NA,NA,0,1,0
"6",1,97,7,8,97,7,4,"I am paying attention.",5,NA,NA,NA,NA,2,2,1,2,2,1,1,NA,NA,NA,NA,1,1,1
"7",1,30,4,NA,30,4,4,"I am paying attention.",2,2,2,NA,NA,2,1,4,1,2,1,NA,NA,1,NA,NA,0,0,0
"8",1,99,7,NA,97,7,4,"I am paying attention.",4,7,7,7,7,2,2,1,2,2,1,NA,NA,NA,1,NA,1,1,1
"9",1,90,7,NA,97,7,4,"I am paying attention.",1,NA,NA,7,7,3,2,1,2,2,1,NA,1,NA,NA,NA,1,1,1
"10",1,95,6,NA,97,7,4,"I am paying attention",5,NA,NA,NA,NA,2,2,1,2,2,1,NA,NA,NA,NA,1,1,1,1
"11",1,90,7,NA,93,5,4,"I am paying attention",4,2,4,7,6,2,1,1,3,2,1,NA,NA,NA,1,NA,0,1,1
"12",1,73,4,NA,97,6,4,"I am paying attention",4,6,6,6,6,2,2,3,2,2,1,NA,NA,NA,NA,1,1,1,0
"13",1,99,7,NA,99,6,4,"I am paying attention.",1,NA,NA,7,7,2,2,1,4,2,1,NA,1,NA,NA,NA,1,1,1
"14",1,97,5,NA,97,5,4,"I am paying attention.",4,4,1,6,6,2,1,3,4,2,1,NA,NA,NA,NA,1,0,1,0
"15",1,98,7,NA,97,7,4,"I am paying attention.",2,7,6,NA,NA,2,1,1,2,2,1,NA,NA,NA,NA,1,0,1,1
"16",1,85,5,NA,84,5,4,"I am paying attention.",1,NA,NA,7,7,2,2,1,2,2,1,NA,1,NA,NA,NA,1,1,1
"17",1,71,3,8,72,3,4,"I am paying attention",5,NA,NA,NA,NA,2,2,3,2,2,1,1,NA,NA,NA,NA,1,1,0
"18",1,40,2,8,40,2,4,"I am paying attention.",5,NA,NA,NA,NA,1,1,2,2,2,1,1,NA,NA,NA,NA,0,1,0
"19",1,98,6,NA,97,7,4,"I am paying attention.",4,1,1,7,6,2,1,1,2,2,1,NA,NA,NA,1,NA,0,1,1
"20",1,97,7,NA,97,7,4,"I am paying attention.",4,7,7,7,7,2,1,1,2,2,1,NA,NA,NA,1,NA,0,1,1
"21",1,72,3,NA,75,3,4,"I am paying attention.",2,7,4,NA,NA,2,1,3,1,2,1,NA,NA,1,NA,NA,0,0,0
"22",1,25,5,NA,76,5,4,"I am paying attention.",4,5,5,5,6,1,2,2,1,2,1,NA,NA,NA,1,NA,1,0,0
"23",1,95,7,NA,97,7,4,"I am paying attention.",4,4,5,7,7,2,1,1,2,2,1,NA,NA,NA,NA,1,0,1,1
"24",1,96,5,8,90,6,4,"I am paying attention.",5,NA,NA,NA,NA,2,1,1,2,2,1,1,NA,NA,NA,NA,0,1,1
"25",1,100,7,NA,100,7,4,"I am paying attention",2,7,6,NA,NA,4,2,3,2,2,1,NA,NA,1,NA,NA,1,1,0
"26",1,71,6,NA,90,5,4,"I am paying attention.",1,NA,NA,5,5,2,1,3,1,2,1,NA,1,NA,NA,NA,0,0,0
"27",1,94,7,NA,95,7,4,"I am paying attention",4,7,7,NA,7,2,1,1,1,2,1,NA,NA,NA,1,NA,0,0,1
"28",1,90,6,8,90,6,4,"I am paying attention.",5,NA,NA,NA,NA,2,2,3,2,2,1,1,NA,NA,NA,NA,1,1,0
"29",1,72,1,NA,85,1,4,"I am paying attention",2,4,5,NA,NA,2,2,1,2,2,1,NA,NA,1,NA,NA,1,1,1
"30",1,34,5,NA,97,5,4,"I am paying attention.",1,NA,NA,5,6,2,1,2,1,2,1,NA,NA,NA,NA,1,0,0,0
"31",1,50,6,NA,97,4,4,"I am paying attention.",1,NA,NA,1,4,2,1,1,2,2,1,NA,1,NA,NA,NA,0,1,1
"32",1,62,5,NA,63,5,4,"I am paying attention",2,5,5,NA,NA,2,2,3,2,2,1,NA,NA,1,NA,NA,1,1,0
"33",1,87,3,NA,87,3,4,"I am paying attention",2,3,2,NA,NA,2,2,3,3,2,1,NA,NA,1,NA,NA,1,1,0
"34",1,51,5,NA,97,5,4,"I am paying attention",1,NA,NA,1,3,2,2,2,1,2,1,NA,1,NA,NA,NA,1,0,0
"35",1,80,5,NA,97,7,4,"I am paying attention.",4,2,2,5,5,2,1,3,2,2,1,NA,NA,NA,1,NA,0,1,0
"36",1,97,7,NA,97,7,4,"I am paying attention",2,5,5,NA,NA,1,1,1,2,2,1,NA,NA,NA,1,NA,0,1,1
"37",1,98,7,8,96,7,4,"I am paying attention.",5,NA,NA,NA,NA,2,1,1,2,2,1,1,NA,NA,NA,NA,0,1,1
"38",1,73,2,NA,87,5,4,"I am paying attention.",4,6,6,5,5,2,2,3,3,2,1,NA,NA,NA,1,NA,1,1,0
"39",1,98,7,NA,97,7,4,"I am paying attention.",4,7,6,7,7,3,1,1,3,2,1,NA,NA,NA,1,NA,0,1,1
"40",1,97,7,NA,97,7,4,"I am paying attention",4,6,6,7,7,2,1,2,2,2,1,NA,NA,NA,1,NA,0,1,0
"41",1,93,7,NA,97,7,4,"I am paying attention",1,NA,NA,7,7,3,1,2,1,2,1,NA,1,NA,NA,NA,0,0,0
"42",1,96,6,NA,97,6,4,"I am paying attention.",1,NA,NA,7,4,3,1,1,4,2,1,NA,1,NA,NA,NA,0,1,1
"43",1,99,6,8,99,5,4,"I am paying attention.",5,NA,NA,NA,NA,2,1,2,1,2,1,1,NA,NA,NA,NA,0,0,0
"44",1,80,3,NA,97,7,4,"I am paying attention",1,NA,NA,6,4,2,1,1,1,2,1,NA,1,NA,NA,NA,0,0,1
"45",1,40,1,NA,28,1,4,"I am paying attention",2,3,3,NA,NA,3,2,2,1,2,1,NA,NA,1,NA,NA,1,0,0
"46",1,100,7,8,100,7,4,"I am paying attention.",5,NA,NA,NA,NA,2,2,3,2,2,1,1,NA,NA,NA,NA,1,1,0
"47",1,50,5,NA,50,5,4,"I am paying attention.",2,6,5,NA,NA,2,1,1,3,2,1,NA,NA,1,NA,NA,0,1,1
"48",1,55,4,NA,52,3,4,"I am paying attention.",3,NA,NA,NA,NA,2,1,1,2,2,1,NA,1,NA,NA,NA,0,1,1
"49",1,91,6,NA,97,7,4,"I am paying attention.",2,4,4,NA,NA,2,2,2,2,2,1,NA,NA,NA,NA,1,1,1,0
"50",1,72,5,NA,97,7,4,"I am paying attention.",4,4,7,4,7,2,1,2,2,2,1,NA,NA,NA,NA,1,0,1,0
"51",1,91,6,NA,97,7,4,"I am paying attention.",1,NA,NA,6,5,2,2,2,2,2,1,NA,1,NA,NA,NA,1,1,0
"52",1,94,6,NA,97,7,4,"I am paying attention.",4,1,1,7,7,3,1,3,2,2,1,NA,NA,NA,NA,1,0,1,0
"53",1,81,3,NA,83,3,4,"I am paying attention.",2,5,5,NA,NA,3,2,2,1,2,1,NA,NA,1,NA,NA,1,0,0
"54",1,70,1,NA,90,1,4,"I am paying attention.",1,NA,NA,1,2,2,2,3,1,2,1,NA,1,NA,NA,NA,1,0,0
"55",1,62,5,NA,65,5,4,"I am paying attention.",4,6,6,6,5,2,2,2,2,2,1,NA,NA,NA,1,NA,1,1,0
"56",1,41,2,NA,94,6,4,"I am paying attention",1,NA,NA,4,3,2,2,2,2,2,1,NA,1,NA,NA,NA,1,1,0
"57",1,92,4,8,92,4,4,"I am paying attention.",5,NA,NA,NA,NA,2,2,3,2,2,1,1,NA,NA,NA,NA,1,1,0
"58",1,65,1,8,65,1,4,"I am paying attention",5,NA,NA,NA,NA,4,1,2,3,2,1,1,NA,NA,NA,NA,0,1,0
"59",1,90,7,8,94,6,4,"I am paying attention",5,NA,NA,NA,NA,2,2,3,2,2,1,1,NA,NA,NA,NA,1,1,0
"60",1,96,6,NA,94,7,4,"I am paying attention.",2,1,3,NA,NA,3,1,1,2,2,1,NA,NA,NA,1,NA,0,1,1
"61",1,98,5,NA,97,6,4,"I am paying attention",4,4,2,7,6,2,1,3,1,2,1,NA,NA,NA,NA,1,0,0,0
"62",1,95,6,NA,70,4,4,"I am paying attention.",2,6,4,NA,NA,2,1,3,1,2,1,NA,NA,1,NA,NA,0,0,0
"63",1,97,5,NA,97,7,4,"I am paying attention.",1,NA,NA,7,7,1,1,3,1,2,1,NA,1,NA,NA,NA,0,0,0
"64",1,98,3,NA,80,1,4,"I am paying attention.",2,7,7,NA,NA,2,2,1,1,2,1,NA,NA,1,NA,NA,1,0,1
"65",1,98,6,NA,97,7,4,"I am paying attention",2,2,3,NA,NA,3,1,1,2,2,1,NA,NA,NA,NA,1,0,1,1
"66",1,85,5,NA,95,6,4,"I am paying attention.",1,NA,NA,4,5,1,1,3,2,2,1,NA,1,NA,NA,NA,0,1,0
"67",1,95,6,NA,97,7,4,"I am paying attention.",4,1,1,7,7,2,1,2,3,2,1,NA,NA,NA,1,NA,0,1,0
"68",1,60,3,NA,39,3,4,"I am paying attention.",2,4,3,NA,NA,2,2,2,2,2,1,NA,NA,1,NA,NA,1,1,0
"69",1,65,2,NA,97,6,4,"I am paying attention.",4,2,3,6,5,2,2,1,1,2,1,NA,NA,NA,NA,1,1,0,1
"70",1,95,6,8,95,6,4,"I am paying attention.",5,NA,NA,NA,NA,2,1,1,1,2,1,1,NA,NA,NA,NA,0,0,1
"71",1,95,6,NA,97,7,4,"I am paying attention.",4,2,1,6,6,3,1,3,2,2,1,NA,NA,NA,NA,1,0,1,0
"72",1,70,5,NA,97,7,4,"I am paying attention",1,NA,NA,6,7,2,2,1,1,2,1,NA,1,NA,NA,NA,1,0,1
"73",1,40,6,NA,95,4,4,"I am paying attention",4,1,1,1,1,2,2,3,2,2,1,NA,NA,NA,NA,1,1,1,0
"74",1,60,3,NA,30,3,4,"I am paying attention",2,6,7,NA,NA,4,2,2,1,1,1,NA,NA,1,NA,NA,1,0,0
"75",1,83,6,8,90,7,4,"I am paying attention",5,NA,NA,NA,NA,2,1,1,1,2,1,1,NA,NA,NA,NA,0,0,1
"76",1,70,5,NA,35,5,4,"I am paying attention.",2,2,2,NA,NA,1,1,3,1,2,1,NA,NA,1,NA,NA,0,0,0
"77",1,61,3,8,40,3,4,"""I am paying attention""",5,NA,NA,NA,NA,4,2,1,1,2,1,1,NA,NA,NA,NA,1,0,1
"78",1,71,5,NA,95,6,4,"I am paying attention",1,NA,NA,7,7,2,2,3,2,2,1,NA,1,NA,NA,NA,1,1,0
"79",1,97,7,NA,97,7,4,"I am paying attention.",4,1,1,7,7,4,1,1,4,2,1,NA,NA,NA,1,NA,0,1,1
"80",1,50,1,NA,30,1,4,"I am paying attention.",2,4,1,NA,NA,2,2,2,1,2,1,NA,NA,1,NA,NA,1,0,0
"81",1,95,3,NA,96,3,4,"I am paying attention.",2,1,2,NA,NA,2,1,1,2,2,1,NA,NA,1,NA,NA,0,1,1
"82",1,80,6,NA,97,5,4,"I am paying attention.",1,NA,NA,6,5,2,1,3,1,2,1,NA,1,NA,NA,NA,0,0,0
"83",1,93,6,NA,60,3,4,"I am paying attention.",2,1,3,NA,NA,2,2,1,2,2,1,NA,NA,1,NA,NA,1,1,1
"84",1,100,7,NA,97,7,4,"I am paying attention.",1,NA,NA,4,6,2,1,3,2,2,1,NA,1,NA,NA,NA,0,1,0
"85",1,95,6,NA,97,7,4,"I am paying attention.",4,6,7,6,7,2,1,2,1,2,1,NA,NA,NA,1,NA,0,0,0
"86",1,99,7,NA,97,7,4,"I am paying attention",4,1,1,7,7,2,1,1,1,2,1,NA,NA,NA,1,NA,0,0,1
"87",1,96,5,NA,90,4,4,"I am paying attention.",4,2,2,7,6,2,1,1,2,2,1,NA,NA,NA,1,NA,0,1,1
"88",1,99,5,NA,97,7,4,"I am paying attention.",4,1,1,6,7,2,1,1,1,2,1,NA,NA,NA,NA,1,0,0,1
"89",1,85,6,NA,96,6,4,"I am paying attention",2,6,6,NA,NA,2,1,1,2,2,1,NA,NA,1,NA,NA,0,1,1
"90",1,97,6,8,97,6,4,"I am paying attention.",5,NA,NA,NA,NA,2,2,1,2,2,1,1,NA,NA,NA,NA,1,1,1
"91",1,98,6,8,98,6,4,"I am paying attention.",5,NA,NA,NA,NA,2,1,1,2,2,1,1,NA,NA,NA,NA,0,1,1
"92",1,40,5,NA,97,6,4,"I am paying attention",4,2,2,1,1,3,2,3,3,2,1,NA,NA,NA,1,NA,1,1,0
"93",1,40,5,NA,97,7,4,"I am paying attention",4,4,6,4,5,2,1,3,1,2,1,NA,NA,NA,1,NA,0,0,0
"94",1,75,7,NA,97,7,4,"I am paying attention.",4,7,7,7,7,2,1,2,2,2,1,NA,NA,NA,NA,1,0,1,0
"95",1,85,2,NA,97,4,4,"I am paying attention",1,NA,NA,4,4,3,1,3,1,2,1,NA,1,NA,NA,NA,0,0,0
"96",1,91,7,8,91,7,4,"I am paying attention.",5,NA,NA,NA,NA,3,1,2,1,2,1,1,NA,NA,NA,NA,0,0,0
"97",1,60,5,NA,98,7,4,"I am paying attention.",1,NA,NA,6,6,2,1,1,1,2,1,NA,NA,NA,NA,1,0,0,1
"98",1,98,7,NA,97,7,4,"I am paying attention.",4,7,7,7,7,2,3,3,2,2,1,NA,NA,NA,1,NA,0,1,0
"99",1,88,6,NA,97,6,4,"I am paying attention",1,NA,NA,6,4,3,1,3,3,2,1,NA,1,NA,NA,NA,0,1,0
"100",1,95,6,NA,95,6,4,"I am paying attention",2,2,3,NA,NA,2,1,3,2,2,1,NA,NA,1,NA,NA,0,1,0
"101",1,94,4,8,92,4,4,"I am paying attention",5,NA,NA,NA,NA,2,1,1,2,2,1,1,NA,NA,NA,NA,0,1,1
"102",1,95,7,NA,97,7,4,"I am paying attention",4,5,5,7,6,2,1,3,2,2,1,NA,NA,NA,NA,1,0,1,0
"103",1,70,5,NA,97,6,4,"I am paying attention.",4,2,2,6,6,2,1,3,2,2,1,NA,NA,NA,NA,1,0,1,0
"104",1,99,5,NA,97,7,4,"I am paying attention.",4,3,2,6,5,3,2,4,2,2,1,NA,NA,NA,1,NA,1,1,0
"105",1,82,1,NA,97,7,4,"I am paying attention.",4,6,4,6,4,4,2,3,4,2,1,NA,NA,NA,NA,1,1,1,0
"106",1,83,6,NA,88,6,4,"I am paying attention",2,6,6,NA,NA,2,1,3,2,2,1,NA,NA,1,NA,NA,0,1,0
"107",1,58,4,8,57,4,4,"I am paying attention.",5,NA,NA,NA,NA,2,2,2,1,2,1,1,NA,NA,NA,NA,1,0,0
"108",1,75,1,NA,97,7,4,"I am paying attention.",4,2,5,6,6,2,1,1,5,2,1,NA,NA,NA,NA,1,0,0,1
"109",1,64,2,NA,72,3,4,"I am paying attention.",2,6,6,NA,NA,1,2,2,1,2,1,NA,NA,1,NA,NA,1,0,0
"110",1,86,2,NA,97,7,4,"I am paying attention.",4,1,1,6,6,2,2,3,1,2,1,NA,NA,NA,NA,1,1,0,0
"111",1,91,5,NA,97,6,4,"I am paying attention",1,NA,NA,6,5,1,1,3,2,2,1,NA,1,NA,NA,NA,0,1,0
"112",1,71,5,NA,97,7,4,"I am paying attention",4,6,6,6,7,2,1,1,1,2,1,NA,NA,NA,NA,1,0,0,1
"113",1,60,5,NA,66,5,4,"I am paying attention",2,2,2,NA,NA,2,1,3,2,2,1,NA,NA,1,NA,NA,0,1,0
"114",1,55,2,NA,97,7,4,"I am paying attention",4,2,2,1,2,2,2,2,4,2,1,NA,NA,NA,NA,1,1,1,0
"115",1,80,6,8,89,5,4,"I am paying attention",5,NA,NA,NA,NA,2,1,3,2,2,1,1,NA,NA,NA,NA,0,1,0
"116",1,51,4,NA,66,4,4,"I am paying attention",1,NA,NA,5,4,3,2,4,1,2,1,NA,1,NA,NA,NA,1,0,0
"117",1,83,6,NA,97,6,4,"I am paying attention",4,2,3,6,4,2,1,2,3,2,1,NA,NA,NA,1,NA,0,1,0
"118",1,95,6,NA,97,7,4,"I am paying attention",4,6,6,7,7,2,1,3,2,2,1,NA,NA,NA,1,NA,0,1,0
"119",1,93,6,NA,97,7,4,"I am paying attention",4,1,4,7,6,2,1,1,1,2,1,NA,NA,NA,1,NA,0,0,1
"120",1,97,7,8,97,7,4,"I am paying attention.",5,NA,NA,NA,NA,2,1,1,2,2,1,1,NA,NA,NA,NA,0,1,1
"121",1,82,6,8,84,6,4,"I am paying attention.",5,NA,NA,NA,NA,2,2,1,2,2,1,1,NA,NA,NA,NA,1,1,1
"122",1,95,6,NA,95,5,4,"I am paying attention.",2,2,1,NA,NA,2,1,2,1,2,1,NA,NA,1,NA,NA,0,0,0
"123",1,89,1,NA,62,1,4,"I am paying attention",2,3,2,NA,NA,2,2,1,2,2,1,NA,NA,1,NA,NA,1,1,1
"124",1,96,7,8,96,7,4,"I am paying attention",5,NA,NA,NA,NA,4,1,1,2,2,1,1,NA,NA,NA,NA,0,1,1
"125",1,99,7,NA,99,7,4,"I am paying attention.",2,1,1,NA,NA,2,1,1,3,2,1,NA,NA,1,NA,NA,0,1,1
"126",1,35,5,NA,97,6,4,"I am paying attention.",1,NA,NA,6,6,3,2,1,5,2,1,NA,1,NA,NA,NA,1,0,1
"127",1,99,6,NA,97,6,4,"I am paying attention",4,7,7,7,7,3,2,1,1,2,1,NA,NA,NA,1,NA,1,0,1
"128",1,95,6,8,95,6,4,"I am paying attention.",5,NA,NA,NA,NA,2,1,1,2,2,1,1,NA,NA,NA,NA,0,1,1
"129",1,95,6,NA,97,7,4,"I am paying attention.",1,NA,NA,2,2,2,2,2,2,2,1,NA,1,NA,NA,NA,1,1,0
"130",1,97,1,NA,97,1,4,"I am paying attention.",2,1,1,NA,NA,2,1,1,1,2,1,NA,NA,1,NA,NA,0,0,1
"131",1,93,6,NA,97,7,4,"I am paying attention.",4,2,1,7,6,3,2,1,2,2,1,NA,NA,NA,NA,1,1,1,1
"132",1,20,6,NA,97,7,4,"I am paying attention",1,NA,NA,2,2,4,2,2,2,2,1,NA,1,NA,NA,NA,1,1,0
"133",1,100,7,NA,97,7,4,"I am paying attention.",4,7,7,7,7,1,1,3,2,2,1,NA,NA,NA,NA,1,0,1,0
"134",1,85,3,NA,97,5,4,"I am paying attention",4,2,2,5,4,3,2,1,2,2,1,NA,NA,NA,1,NA,1,1,1
"135",1,100,6,8,100,6,4,"I am paying attention.",5,NA,NA,NA,NA,2,1,1,3,2,1,1,NA,NA,NA,NA,0,1,1
"136",1,99,6,NA,99,6,4,"I am paying attention.",2,1,3,NA,NA,2,1,1,1,2,1,NA,NA,1,NA,NA,0,0,1
"137",1,66,5,NA,77,6,4,"I am paying attention",4,6,4,3,3,2,2,2,2,2,1,NA,NA,NA,1,NA,1,1,0
"138",1,71,5,NA,71,5,4,"I am paying attention",2,5,6,NA,NA,1,2,3,1,2,1,NA,1,NA,NA,NA,1,0,0
"139",1,97,7,NA,97,7,4,"I am paying attention",4,7,7,7,3,2,1,3,1,2,1,NA,NA,NA,1,NA,0,0,0
"140",1,85,7,8,80,5,4,"I am paying attention.",5,NA,NA,NA,NA,3,1,4,2,2,1,1,NA,NA,NA,NA,0,1,0
"141",1,100,7,NA,97,7,4,"I am paying attention.",4,1,4,7,7,2,1,1,2,2,1,NA,NA,NA,NA,1,0,1,1
"142",1,89,7,NA,97,7,4,"I am paying attention",1,NA,NA,6,5,1,1,2,2,2,1,NA,1,NA,NA,NA,0,1,0
"143",1,25,5,NA,30,4,4,"I am paying attention",2,4,5,NA,NA,2,1,2,3,2,1,NA,NA,1,NA,NA,0,1,0
"144",1,40,3,NA,40,4,4,"I am paying attention",2,4,2,NA,NA,2,1,1,1,2,1,NA,NA,1,NA,NA,0,0,1
"145",1,99,6,8,99,6,4,"""I am paying attention.",5,NA,NA,NA,NA,2,1,1,1,2,1,1,NA,NA,NA,NA,0,0,1
"146",1,75,4,8,76,4,4,"I am paying attention",5,NA,NA,NA,NA,3,2,2,1,2,1,1,NA,NA,NA,NA,1,0,0
"147",1,54,4,NA,56,4,4,"I am paying attention",2,6,5,NA,NA,2,1,4,2,2,1,NA,NA,1,NA,NA,0,1,0
"148",1,84,7,NA,95,7,4,"I am paying attention",2,6,7,NA,NA,3,1,3,2,2,1,NA,NA,NA,1,NA,0,1,0
"149",1,75,4,NA,97,6,4,"I am paying attention",1,NA,NA,5,5,3,2,2,2,2,1,NA,1,NA,NA,NA,1,1,0
"150",1,94,5,NA,97,7,4,"I am paying attention.",4,5,4,6,5,4,1,1,3,2,1,NA,NA,NA,NA,1,0,1,1
"151",1,90,5,NA,97,7,4,"I am paying attention.",4,4,4,7,6,2,2,1,2,2,1,NA,NA,NA,NA,1,1,1,1
"152",1,97,4,NA,97,4,4,"I am paying attention.",1,NA,NA,6,4,2,1,1,2,2,1,NA,1,NA,NA,NA,0,1,1
"153",1,96,5,NA,97,6,4,"I am paying attention.",1,NA,NA,6,5,2,1,3,2,2,1,NA,1,NA,NA,NA,0,1,0
"154",1,95,5,NA,97,6,4,"I am paying attention.",4,3,4,6,4,2,1,3,3,2,1,NA,NA,NA,NA,1,0,1,0
"155",1,60,1,NA,97,7,4,"I am paying attention",1,NA,NA,1,1,2,2,2,1,2,1,NA,NA,NA,NA,1,1,0,0
"156",1,97,6,NA,97,6,4,"I am paying attention",1,NA,NA,6,5,2,1,3,1,2,1,NA,NA,NA,NA,1,0,0,0
"157",1,84,5,8,87,6,4,"I am paying attention.",3,NA,NA,NA,NA,1,2,2,2,2,1,1,NA,NA,NA,NA,1,1,0
"158",1,67,4,NA,97,7,4,"I am paying attention.",4,4,4,4,5,2,2,2,3,2,1,NA,NA,NA,NA,1,1,1,0
"159",1,82,5,NA,97,7,4,"I am paying attention.",4,6,7,6,6,3,2,2,2,2,1,NA,NA,NA,1,NA,1,1,0
"160",1,92,5,NA,82,4,4,"I am paying attention",2,4,3,NA,NA,2,2,3,2,2,1,NA,NA,1,NA,NA,1,1,0
"161",1,96,7,NA,97,7,4,"I am paying attention.",4,1,1,7,6,3,1,1,2,2,1,NA,NA,NA,1,NA,0,1,1
"162",1,85,7,NA,82,7,4,"I am paying attention",1,NA,NA,5,7,1,2,1,3,2,1,NA,NA,1,NA,NA,1,1,1
"163",1,80,5,NA,96,5,4,"I am paying attention",4,6,6,6,5,2,2,1,2,2,1,NA,NA,NA,NA,1,1,1,1
"164",1,73,5,NA,97,7,4,"I am paying attention.",1,NA,NA,3,3,3,2,1,2,2,1,NA,1,NA,NA,NA,1,1,1
"165",1,84,2,NA,94,5,4,"I am paying attention.",4,5,5,4,5,3,2,2,2,2,1,NA,NA,NA,1,NA,1,1,0
"166",1,53,5,NA,8,5,4,"I am paying attention",2,1,1,NA,NA,2,1,2,1,2,1,NA,NA,1,NA,NA,0,0,0
"167",1,90,5,8,90,5,4,"I am paying attention",5,NA,NA,NA,NA,2,1,1,1,2,1,1,NA,NA,NA,NA,0,0,1
"168",1,91,6,NA,97,7,4,"I am paying attention.",1,NA,NA,7,7,2,1,1,2,2,1,NA,1,NA,NA,NA,0,1,1
"169",1,97,7,NA,97,7,4,"I am paying attention",2,6,7,NA,NA,2,1,1,2,2,1,NA,NA,NA,NA,1,0,1,1
"170",1,80,2,NA,80,2,4,"I am paying attention.",2,4,5,NA,NA,2,1,3,1,2,1,NA,NA,1,NA,NA,0,0,0
"171",1,98,6,8,98,6,4,"I am paying attention.",5,NA,NA,NA,NA,2,1,4,2,2,1,1,NA,NA,NA,NA,0,1,0
"172",1,84,5,8,85,5,4,"I am paying attention.",5,NA,NA,NA,NA,2,1,3,3,2,1,1,NA,NA,NA,NA,0,1,0
"173",1,97,7,NA,97,7,4,"I am paying attention",2,1,2,NA,NA,2,1,1,2,2,1,NA,NA,1,NA,NA,0,1,1
"174",1,80,5,NA,97,6,4,"I am paying attention",1,NA,NA,5,7,2,1,1,2,2,1,NA,1,NA,NA,NA,0,1,1
"175",1,9,1,NA,97,1,4,"I am paying attention.",4,1,1,1,1,3,2,3,2,2,1,NA,NA,NA,1,NA,1,1,0
"176",1,83,6,NA,83,6,4,"I am paying attention.",1,NA,NA,7,6,2,1,3,2,2,1,NA,NA,NA,1,NA,0,1,0
"177",1,97,6,NA,97,7,4,"I am paying attention.",4,2,1,7,5,1,2,3,2,2,1,NA,NA,NA,NA,1,1,1,0
"178",1,97,7,NA,97,6,4,"I am paying attention",1,NA,NA,7,7,4,2,1,2,2,1,NA,1,NA,NA,NA,1,1,1
"179",1,65,6,8,65,6,4,"I am paying attention.",5,NA,NA,NA,NA,2,2,3,2,2,1,1,NA,NA,NA,NA,1,1,0
"180",1,78,6,8,86,6,4,"I am paying attention.",5,NA,NA,NA,NA,3,1,2,3,2,1,1,NA,NA,NA,NA,0,1,0
"181",1,98,5,NA,97,7,4,"I am paying attention",4,6,6,7,7,2,1,3,2,2,1,NA,NA,NA,1,NA,0,1,0
"182",1,99,7,NA,99,7,4,"I am paying attention.",2,1,1,NA,NA,2,1,3,4,2,1,NA,NA,1,NA,NA,0,1,0
"183",1,95,6,NA,97,7,4,"I am paying attention",4,4,3,7,7,2,1,1,4,2,1,NA,NA,NA,NA,1,0,1,1
"184",1,89,4,NA,87,4,4,"I am paying attention",2,4,1,NA,NA,2,1,3,2,2,1,NA,NA,1,NA,NA,0,1,0
"185",1,92,3,NA,97,4,4,"I am paying attention",1,NA,NA,6,7,2,1,2,4,2,1,NA,1,NA,NA,NA,0,1,0
"186",1,70,5,NA,97,6,4,"I am paying attention",1,NA,NA,6,5,2,2,3,2,2,1,NA,1,NA,NA,NA,1,1,0
"187",1,81,5,NA,97,7,4,"I am paying attention.",4,7,7,7,7,1,2,3,1,2,1,NA,NA,NA,1,NA,1,0,0
"188",1,51,2,8,51,2,4,"I am paying attention.",5,NA,NA,NA,NA,2,2,2,2,2,1,1,NA,NA,NA,NA,1,1,0
"189",1,95,5,NA,97,6,4,"I am paying attention",1,NA,NA,7,7,2,2,1,1,2,1,NA,NA,NA,NA,1,1,0,1
"190",1,99,7,NA,97,7,4,"I am paying attention.",1,NA,NA,7,6,2,1,1,2,2,1,NA,1,NA,NA,NA,0,1,1
"191",1,61,3,NA,85,4,4,"I am paying attention.",4,4,4,5,4,2,2,1,2,2,1,NA,NA,NA,1,NA,1,1,1
"192",1,58,5,NA,66,5,4,"I am paying attention",2,4,3,NA,NA,2,2,1,2,2,1,NA,NA,1,NA,NA,1,1,1
"193",1,70,3,8,70,3,4,"I am paying attention.",5,NA,NA,NA,NA,3,1,3,3,2,1,1,NA,NA,NA,NA,0,1,0
"194",1,97,7,NA,97,7,4,"I am paying attention.",1,NA,NA,7,7,2,2,1,2,2,1,NA,1,NA,NA,NA,1,1,1
"195",1,99,7,8,99,7,4,"I am paying attention.",5,NA,NA,NA,NA,2,2,1,2,2,1,1,NA,NA,NA,NA,1,1,1
"196",1,38,4,NA,97,4,4,"I am paying attention.",4,5,5,3,4,2,1,3,2,2,1,NA,NA,NA,NA,1,0,1,0
"197",1,74,5,NA,97,3,4,"I am paying attention",4,4,4,4,4,2,1,1,3,2,1,NA,NA,NA,NA,1,0,1,1
"198",1,99,7,8,99,7,4,"I am paying attention.",5,NA,NA,NA,NA,2,1,1,2,2,1,1,NA,NA,NA,NA,0,1,1
"199",1,97,7,NA,97,7,4,"I am paying attention",2,7,7,NA,NA,4,1,1,1,2,1,NA,NA,NA,1,NA,0,0,1
"200",1,60,3,NA,97,3,4,"I am paying attention.",1,NA,NA,3,1,2,2,1,1,2,1,NA,1,NA,NA,NA,1,0,1
"201",1,92,2,NA,89,1,4,"I am paying attention.",2,1,3,NA,NA,2,2,1,2,2,1,NA,NA,1,NA,NA,1,1,1
"202",1,59,5,NA,97,6,4,"I am paying attention.",4,2,2,6,6,2,1,1,2,2,1,NA,NA,NA,1,NA,0,1,1
"203",1,90,5,NA,95,5,4,"I am paying attention.",4,5,5,6,6,2,1,2,3,2,1,NA,NA,NA,NA,1,0,1,0
"204",1,98,7,8,98,6,4,"I am paying attention.",5,NA,NA,NA,NA,2,1,3,1,2,1,1,NA,NA,NA,NA,0,0,0
"205",1,98,6,NA,97,6,4,"I am paying attention.",2,7,6,NA,NA,2,1,1,2,2,1,NA,NA,1,NA,NA,0,1,1
"206",1,90,5,NA,90,5,4,"I am paying attention.",2,1,1,NA,NA,2,2,3,2,2,1,NA,NA,1,NA,NA,1,1,0
"207",1,81,1,NA,97,1,4,"I am paying attention",4,4,4,4,2,2,2,3,5,2,1,NA,NA,NA,NA,1,1,0,0
"208",1,100,7,NA,97,7,4,"I am paying attention.",2,7,7,NA,NA,2,1,2,2,2,1,NA,NA,1,NA,NA,0,1,0
"209",1,97,2,NA,97,7,4,"I am paying attention.",1,NA,NA,7,7,1,1,3,1,2,1,NA,1,NA,NA,NA,0,0,0
"210",1,97,7,NA,93,6,4,"I am paying attention",1,NA,NA,7,5,3,1,3,2,2,1,NA,1,NA,NA,NA,0,1,0
"211",1,80,5,8,80,5,4,"I am paying attention.",5,NA,NA,NA,NA,3,2,1,3,2,1,1,NA,NA,NA,NA,1,1,1
"212",1,98,6,NA,97,6,4,"I am paying attention",4,4,4,7,7,3,1,3,3,2,1,NA,NA,NA,1,NA,0,1,0
"213",1,89,7,NA,97,7,4,"I am paying attention.",4,7,7,7,7,3,2,2,2,2,1,NA,NA,NA,1,NA,1,1,0
"214",1,82,7,NA,97,7,4,"I am paying attention.",4,7,7,7,7,2,2,2,2,2,1,NA,NA,NA,1,NA,1,1,0
"215",1,67,3,8,66,3,4,"I am paying attention",5,NA,NA,NA,NA,3,2,1,1,2,1,1,NA,NA,NA,NA,1,0,1
"216",1,95,6,NA,91,2,4,"I am paying attention.",2,4,4,NA,NA,1,2,3,2,2,1,NA,NA,1,NA,NA,1,1,0
"217",1,95,7,NA,97,7,4,"I am paying attention.",1,NA,NA,7,7,2,1,3,2,2,1,NA,1,NA,NA,NA,0,1,0
"218",1,95,6,NA,97,7,4,"I am paying attention",4,7,7,6,6,1,1,2,2,2,1,NA,NA,NA,1,NA,0,1,0
"219",1,56,4,8,36,4,4,"I am paying attention.",4,4,4,4,5,2,1,1,3,1,1,1,NA,NA,NA,NA,0,1,1
"220",1,99,3,NA,97,6,4,"I am paying attention",4,1,3,7,5,2,2,1,3,2,1,NA,NA,NA,NA,1,1,1,1
"221",1,60,2,8,60,2,4,"I am paying attention.",5,NA,NA,NA,NA,2,1,2,2,2,1,1,NA,NA,NA,NA,0,1,0
"222",1,30,4,NA,90,5,4,"I am paying attention",1,NA,NA,3,4,2,1,2,1,2,1,NA,1,NA,NA,NA,0,0,0
"223",1,94,2,NA,97,7,4,"I am paying attention",4,2,4,7,7,2,2,3,2,2,1,NA,NA,NA,NA,1,1,1,0
"224",1,98,6,NA,97,7,4,"I am paying attention.",4,4,4,7,7,2,1,1,2,2,1,NA,NA,NA,NA,1,0,1,1
"225",1,83,6,NA,29,4,4,"I am paying attention",1,NA,NA,7,7,2,1,1,3,2,1,NA,NA,1,NA,NA,0,1,1
"226",1,85,5,NA,90,6,4,"I am paying attention.",1,NA,NA,2,3,2,1,2,2,2,1,NA,1,NA,NA,NA,0,1,0
"227",1,35,3,NA,32,3,4,"I am paying attention",4,7,7,1,4,3,2,1,2,2,1,NA,NA,NA,1,NA,1,1,1
"228",1,81,5,NA,27,4,4,"I am paying attention.",2,6,7,NA,NA,NA,NA,NA,1,2,1,NA,NA,1,NA,NA,NA,0,NA
"229",1,76,6,NA,96,7,4,"I am paying attention",4,5,4,7,7,2,1,3,1,2,1,NA,NA,NA,1,NA,0,0,0
"230",1,93,5,8,92,5,4,"I am paying attention.",5,NA,NA,NA,NA,2,1,1,2,2,1,1,NA,NA,NA,NA,0,1,1
"231",1,99,7,NA,97,7,4,"I am paying attention",1,NA,NA,6,7,1,1,1,2,2,1,NA,1,NA,NA,NA,0,1,1
"232",1,80,6,8,90,7,4,"I am paying attention",5,NA,NA,NA,NA,3,1,2,2,2,1,1,NA,NA,NA,NA,0,1,0
"233",1,92,6,NA,89,5,4,"I am paying attention.",2,1,2,NA,NA,2,2,1,2,2,1,NA,NA,1,NA,NA,1,1,1
"234",1,90,4,NA,97,5,4,"I am paying attention.",4,6,7,6,7,2,2,1,1,2,1,NA,NA,NA,1,NA,1,0,1
"235",1,85,3,NA,96,6,4,"I am paying attention.",4,2,2,6,5,2,1,1,2,2,1,NA,NA,NA,NA,1,0,1,1
"236",1,95,7,8,95,7,4,"I am paying attention.",5,NA,NA,NA,NA,2,1,1,2,2,1,1,NA,NA,NA,NA,0,1,1
"237",1,77,5,NA,97,6,4,"I am paying attention",4,1,2,7,7,3,2,1,2,2,1,NA,NA,NA,NA,1,1,1,1
"238",1,95,5,NA,97,7,4,"I am paying attention.",4,1,1,7,5,2,2,3,2,2,1,NA,NA,NA,NA,1,1,1,0
"239",1,91,6,NA,100,4,4,"I am paying attention.",1,NA,NA,7,7,2,2,1,2,2,1,NA,1,NA,NA,NA,1,1,1
"240",1,80,5,NA,97,7,4,"I am paying attention",1,NA,NA,3,5,3,1,2,3,2,1,NA,1,NA,NA,NA,0,1,0
"241",1,98,6,NA,97,7,4,"I am paying attention.",4,1,1,7,7,3,1,3,2,2,1,NA,NA,NA,1,NA,0,1,0
"242",1,99,4,NA,96,3,4,"I am paying attention.",2,1,2,NA,NA,3,2,1,2,2,1,NA,NA,1,NA,NA,1,1,1
"243",1,71,2,NA,97,5,4,"I am paying attention.",4,5,5,5,4,2,1,3,1,2,1,NA,NA,NA,1,NA,0,0,0
"244",1,97,6,8,97,6,4,"I am paying attention",5,NA,NA,NA,NA,2,1,1,1,2,1,1,NA,NA,NA,NA,0,0,1
"245",1,60,3,NA,20,5,4,"I am paying attention.",2,2,4,NA,NA,2,1,2,1,2,1,NA,NA,1,NA,NA,0,0,0
"246",1,92,5,8,90,4,4,"I am paying attention",5,NA,NA,NA,NA,2,2,1,3,2,1,1,NA,NA,NA,NA,1,1,1
"247",1,19,1,NA,NA,4,4,"I am paying attention",1,NA,NA,1,1,2,2,1,2,2,1,NA,1,NA,NA,NA,1,1,1
"248",1,95,5,NA,96,5,4,"I am paying attention.",2,1,1,NA,NA,2,2,1,3,2,1,NA,NA,1,NA,NA,1,1,1
"249",1,96,6,NA,98,6,4,"i am paying attention",4,1,1,7,7,2,1,1,1,2,1,NA,NA,NA,NA,1,0,0,1
"250",1,90,6,NA,97,7,4,"I am paying attention.",4,6,6,6,6,3,1,3,4,2,1,NA,NA,NA,1,NA,0,1,0
"251",1,81,4,NA,93,5,4,"I am paying attention.",4,3,4,6,5,3,2,1,1,2,1,NA,NA,NA,1,NA,1,0,1
"252",1,91,3,NA,91,3,4,"I am paying attention.",2,1,1,NA,NA,3,1,1,2,2,1,NA,NA,1,NA,NA,0,1,1
"253",1,83,6,NA,97,7,4,"I am paying attention",4,4,4,7,7,2,2,1,2,2,1,NA,NA,NA,NA,1,1,1,1
"254",1,95,6,NA,97,6,4,"I am paying attention.",1,NA,NA,6,6,2,1,1,2,2,1,NA,1,NA,NA,NA,0,1,1
"255",1,97,5,8,94,5,4,"I am paying attention",5,NA,NA,NA,NA,2,2,3,2,2,1,1,NA,NA,NA,NA,1,1,0
"256",1,51,2,8,50,3,4,"I am paying attention.",5,NA,NA,NA,NA,3,1,3,2,2,1,1,NA,NA,NA,NA,0,1,0
"257",1,93,5,8,93,5,4,"I am paying attention",5,NA,NA,NA,NA,2,2,1,1,2,1,1,NA,NA,NA,NA,1,0,1
"258",1,81,3,NA,97,7,4,"I am paying attention",2,2,2,NA,NA,2,2,2,2,2,1,NA,NA,NA,NA,1,1,1,0
"259",1,74,6,NA,81,6,4,"I am paying attention.",1,NA,NA,6,6,2,2,3,1,2,1,NA,NA,NA,1,NA,1,0,0
"260",1,85,3,8,85,3,4,"I am paying attention.",5,NA,NA,NA,NA,4,1,3,2,2,1,1,NA,NA,NA,NA,0,1,0
"261",1,78,6,NA,92,6,4,"I am paying attention.",1,NA,NA,5,5,3,1,1,1,2,1,NA,1,NA,NA,NA,0,0,1
"262",1,95,5,NA,95,5,4,"I am paying attention.",2,2,2,NA,NA,2,1,3,2,2,1,NA,NA,1,NA,NA,0,1,0
"263",1,80,1,NA,97,7,4,"I am paying attention",4,6,7,6,7,2,2,1,1,2,1,NA,NA,NA,NA,1,1,0,1
"264",1,80,5,NA,97,6,4,"I am paying attention",1,NA,NA,7,7,2,1,1,2,2,1,NA,1,NA,NA,NA,0,1,1
"265",1,98,6,NA,90,5,4,"I am paying attention.",4,7,7,7,6,2,1,3,1,2,1,NA,NA,NA,1,NA,0,0,0
"266",1,95,5,NA,97,6,4,"I am paying attention.",1,NA,NA,5,5,2,1,3,1,2,1,NA,1,NA,NA,NA,0,0,0
"267",1,95,5,NA,95,5,4,"I am paying attention",2,4,2,NA,NA,2,1,3,1,2,1,NA,NA,1,NA,NA,0,0,0
"268",1,64,4,NA,97,7,4,"I am paying attention.",4,4,3,6,6,2,1,3,1,2,1,NA,NA,NA,NA,1,0,0,0
"269",1,99,7,NA,97,7,4,"I am paying attention.",4,7,7,7,7,2,1,2,2,1,1,NA,NA,NA,1,NA,0,1,0
"270",1,84,5,NA,75,3,4,"I am paying attention",2,3,3,NA,NA,3,1,3,2,2,1,NA,NA,1,NA,NA,0,1,0
"271",1,97,7,8,98,7,4,"I am paying attention",5,NA,NA,NA,NA,3,1,1,3,2,1,1,NA,NA,NA,NA,0,1,1
"272",1,99,6,NA,97,7,4,"""I am paying attention.""",4,5,2,6,2,2,2,1,2,2,1,NA,NA,NA,1,NA,1,1,1
"273",1,80,5,NA,95,6,4,"I am paying attention",2,7,6,NA,NA,2,1,3,4,2,1,NA,NA,1,NA,NA,0,1,0
"274",1,98,6,NA,97,7,4,"I am paying attention.",2,1,1,NA,NA,2,2,3,3,2,1,NA,NA,NA,NA,1,1,1,0
"275",1,70,2,NA,95,2,4,"I am paying attention",1,NA,NA,3,4,2,2,2,2,2,1,NA,1,NA,NA,NA,1,1,0
"276",1,80,5,NA,10,5,4,"i am paying attention",1,NA,NA,7,7,3,2,2,1,2,1,NA,1,NA,NA,NA,1,0,0
"277",1,97,6,NA,97,7,4,"I am paying attention.",4,1,1,7,7,2,2,1,1,2,1,NA,NA,NA,NA,1,1,0,1
"278",1,90,6,NA,97,6,4,"I am paying attention",1,NA,NA,7,6,2,2,3,2,2,1,NA,1,NA,NA,NA,1,1,0
"279",1,97,7,8,97,7,4,"I am paying attention.",5,NA,NA,NA,NA,1,1,1,2,2,1,1,NA,NA,NA,NA,0,1,1
"280",1,75,3,NA,75,3,4,"I am paying attention.",2,4,5,NA,NA,2,1,1,1,2,1,NA,NA,1,NA,NA,0,0,1
"281",1,60,5,NA,97,7,4,"I am paying attention",4,5,5,6,6,2,2,1,1,2,1,NA,NA,NA,NA,1,1,0,1
"282",1,50,4,NA,97,4,4,"I am paying attention",4,5,5,5,5,2,2,3,1,2,1,NA,NA,NA,1,NA,1,0,0
"283",1,80,5,NA,97,7,4,"I am paying attention.",1,NA,NA,6,5,2,1,1,1,2,1,NA,1,NA,NA,NA,0,0,1
"284",1,70,5,8,72,5,4,"I am paying attention",5,NA,NA,NA,NA,2,2,2,3,2,1,1,NA,NA,NA,NA,1,1,0
"285",1,10,5,NA,10,5,4,"I am paying attention",2,3,3,NA,NA,2,1,1,1,2,1,NA,NA,1,NA,NA,0,0,1
"286",1,100,7,NA,100,7,4,"I am paying attention.",2,7,7,NA,NA,2,1,3,2,2,1,NA,NA,1,NA,NA,0,1,0
"287",1,85,5,NA,90,4,4,"I am paying attention.",4,3,4,6,6,2,2,3,3,2,1,NA,NA,NA,1,NA,1,1,0
"288",1,89,6,NA,97,7,4,"I am paying attention.",1,NA,NA,7,6,2,2,1,2,2,1,NA,1,NA,NA,NA,1,1,1
"289",1,80,5,NA,97,7,4,"I am paying attention.",4,6,6,6,6,2,1,3,1,2,1,NA,NA,NA,NA,1,0,0,0
"290",1,95,6,NA,95,6,4,"I am paying attention.",2,4,1,NA,NA,2,1,3,1,2,1,NA,NA,1,NA,NA,0,0,0
"291",1,65,4,8,67,3,4,"I am paying attention.",5,NA,NA,NA,NA,2,2,3,2,2,1,1,NA,NA,NA,NA,1,1,0
"292",1,99,6,NA,99,6,4,"I am paying attention.",4,1,1,7,4,3,2,1,3,2,1,NA,NA,NA,NA,1,1,1,1
"293",1,75,3,NA,97,7,4,"I am paying attention",2,1,5,NA,NA,2,2,1,2,2,1,NA,NA,NA,NA,1,1,1,1
"294",1,98,6,NA,98,6,4,"I am paying attention.",2,1,1,NA,NA,2,2,1,2,2,1,NA,NA,1,NA,NA,1,1,1
"295",1,78,3,NA,97,7,4,"I am paying attention.",1,NA,NA,3,3,2,1,3,1,2,1,NA,1,NA,NA,NA,0,0,0
"296",1,98,7,8,98,7,4,"I am paying attention",5,NA,NA,NA,NA,1,1,1,2,2,1,1,NA,NA,NA,NA,0,1,1
"297",1,83,5,NA,97,7,4,"I am paying attention",4,7,7,6,7,2,1,1,1,2,1,NA,NA,NA,NA,1,0,0,1
"298",1,95,7,NA,5,7,4,"I am paying attention",4,1,1,7,7,3,1,1,1,2,1,NA,NA,NA,1,NA,0,0,1
"299",1,80,3,NA,97,6,4,"I am paying attention",1,NA,NA,6,6,2,1,3,2,2,1,NA,1,NA,NA,NA,0,1,0
"300",1,70,2,8,53,2,4,"I am paying attention",5,NA,NA,NA,NA,2,1,2,2,2,1,1,NA,NA,NA,NA,0,1,0
"301",1,90,5,NA,41,4,4,"I am paying attention.",2,2,4,NA,NA,2,1,2,2,2,1,NA,NA,1,NA,NA,0,1,0
"302",1,99,7,NA,97,7,4,"I am paying attention.",4,6,1,7,7,2,1,3,2,2,1,NA,NA,NA,1,NA,0,1,0
"303",1,41,1,NA,97,7,4,"I am paying attention",4,5,4,4,4,2,2,3,2,2,1,NA,NA,NA,1,NA,1,1,0
"304",1,95,7,NA,97,7,4,"I am paying attention",4,1,1,7,4,3,1,3,2,2,1,NA,NA,NA,NA,1,0,1,0
"305",1,61,5,NA,66,5,4,"I am paying attention.",4,6,6,5,6,2,2,2,2,2,1,NA,NA,NA,1,NA,1,1,0
"306",1,94,6,8,53,6,4,"I am paying attention",5,NA,NA,NA,NA,2,1,1,1,2,1,1,NA,NA,NA,NA,0,0,1
"307",1,97,6,NA,97,5,4,"I am paying attention.",1,NA,NA,2,2,3,2,2,2,2,1,NA,1,NA,NA,NA,1,1,0
"308",1,97,6,NA,97,7,4,"I am paying attention.",4,1,1,7,6,2,1,1,2,2,1,NA,NA,NA,NA,1,0,1,1
"309",1,85,6,8,85,6,4,"I am paying attention.",5,NA,NA,NA,NA,2,1,1,3,2,1,1,NA,NA,NA,NA,0,1,1
"310",1,71,6,NA,80,5,4,"I am paying attention",5,NA,NA,NA,NA,2,2,1,3,2,1,NA,NA,1,NA,NA,1,1,1
"311",1,88,5,NA,97,6,4,"I am paying attention",1,NA,NA,5,3,2,1,3,2,2,1,NA,1,NA,NA,NA,0,1,0
"312",1,19,5,NA,41,5,4,"I am paying attention.",2,6,4,NA,NA,2,1,1,2,2,1,NA,NA,1,NA,NA,0,1,1
"313",1,93,6,NA,97,7,4,"i am paying attention",4,3,3,7,7,2,2,1,1,2,1,NA,NA,NA,1,NA,1,0,1
"314",1,90,5,NA,92,5,4,"I am paying attention",2,2,1,NA,NA,2,2,1,1,2,1,NA,NA,1,NA,NA,1,0,1
"315",1,90,1,NA,97,7,4,"I am paying attention.",1,NA,NA,4,4,2,1,3,2,2,1,NA,1,NA,NA,NA,0,1,0
"316",1,60,4,8,60,4,4,"I am paying attention.",5,NA,NA,NA,NA,2,2,3,5,2,1,1,NA,NA,NA,NA,1,0,0
"317",1,87,7,NA,97,7,4,"I am paying attention",1,NA,NA,7,7,2,1,2,1,2,1,NA,NA,NA,1,NA,0,0,0
"318",1,64,3,NA,97,6,4,"I am paying attention.",4,4,3,5,3,2,1,1,2,2,1,NA,NA,NA,NA,1,0,1,1
"319",1,89,6,NA,90,7,4,"I am paying attention",1,NA,NA,6,5,2,1,1,2,2,1,NA,1,NA,NA,NA,0,1,1
"320",1,95,4,NA,97,6,4,"I am paying attention.",4,1,1,7,7,2,1,3,2,2,1,NA,NA,NA,NA,1,0,1,0
"321",1,99,6,NA,98,6,4,"I am paying attention.",4,6,6,6,7,4,1,3,2,2,1,NA,NA,NA,1,NA,0,1,0
"322",1,97,6,NA,97,6,4,"I am paying attention.",2,6,6,NA,NA,2,1,3,1,2,1,NA,NA,1,NA,NA,0,0,0
"323",1,82,5,NA,97,7,4,"I am paying attention.",4,1,5,7,7,2,2,1,1,2,1,NA,NA,NA,NA,1,1,0,1
"324",1,83,6,NA,85,6,4,"I am paying attention.",1,NA,NA,6,6,2,2,1,2,1,1,NA,NA,1,NA,NA,1,1,1
"325",1,62,3,8,70,3,4,"I am paying attention",5,NA,NA,NA,NA,3,2,2,3,2,1,1,NA,NA,NA,NA,1,1,0
"326",1,87,6,NA,99,7,4,"I am paying attention",4,7,7,7,7,2,1,3,2,2,1,NA,NA,NA,NA,1,0,1,0
"327",1,85,6,8,85,5,4,"I am paying attention",5,NA,NA,NA,NA,1,1,1,2,2,1,1,NA,NA,NA,NA,0,1,1
"328",1,72,5,NA,96,6,4,"I am paying attention.",4,4,4,3,1,2,1,3,2,2,1,NA,NA,NA,1,NA,0,1,0
"329",1,95,7,NA,97,7,4,"I am paying attention.",1,NA,NA,7,7,2,1,2,2,2,1,NA,1,NA,NA,NA,0,1,0
"330",1,55,6,NA,68,2,4,"I am paying attention.",1,NA,NA,2,2,2,1,2,1,2,1,NA,1,NA,NA,NA,0,0,0
"331",1,70,5,NA,97,7,4,"I am paying attention.",4,6,6,6,5,2,2,3,1,2,1,NA,NA,NA,1,NA,1,0,0
"332",1,97,6,8,97,6,4,"I am paying attention.",5,NA,NA,NA,NA,2,2,1,1,2,1,1,NA,NA,NA,NA,1,0,1
"333",1,95,7,NA,97,7,4,"I am paying attention",2,7,7,NA,NA,2,2,2,2,2,1,NA,NA,1,NA,NA,1,1,0
"334",1,67,4,NA,97,7,4,"I am paying attention.",1,NA,NA,5,7,2,1,1,2,2,1,NA,1,NA,NA,NA,0,1,1
"335",1,87,6,NA,97,6,4,"I am paying attention.",4,2,2,6,6,2,2,1,2,2,1,NA,NA,NA,1,NA,1,1,1
"336",1,83,1,NA,97,7,4,"I am paying attention",1,NA,NA,7,7,2,2,1,3,2,1,NA,1,NA,NA,NA,1,1,1
"337",1,80,6,8,81,6,4,"I am paying attention",5,NA,NA,NA,NA,3,2,1,2,2,1,1,NA,NA,NA,NA,1,1,1
"338",1,55,5,8,55,5,4,"I am paying attention",5,NA,NA,NA,NA,2,1,3,3,2,1,1,NA,NA,NA,NA,0,1,0
"339",1,98,6,NA,97,6,4,"I am paying attention",5,NA,NA,NA,NA,1,2,3,2,2,1,NA,NA,NA,NA,1,1,1,0
"340",1,97,7,NA,97,7,4,"I am paying attention.",4,1,2,7,7,2,2,1,2,2,1,NA,NA,NA,NA,1,1,1,1
"341",1,96,7,NA,95,7,4,"I am paying attention.",1,NA,NA,7,7,2,1,3,3,2,1,NA,NA,1,NA,NA,0,1,0
"342",1,81,1,NA,81,1,4,"I am paying attention",2,4,4,NA,NA,2,1,3,1,2,1,NA,NA,1,NA,NA,0,0,0
"343",1,85,5,NA,97,6,4,"I am paying attention.",4,1,7,7,6,4,1,1,4,2,1,NA,NA,NA,NA,1,0,1,1
"344",1,83,4,NA,97,7,4,"""I am paying attention.""",1,NA,NA,6,4,2,1,1,2,2,1,NA,1,NA,NA,NA,0,1,1
"345",1,71,2,8,76,2,4,"I am paying attention",5,NA,NA,NA,NA,2,1,1,1,2,1,1,NA,NA,NA,NA,0,0,1
"346",1,99,6,NA,97,7,4,"I am paying attention",4,2,1,7,6,2,2,1,3,2,1,NA,NA,NA,NA,1,1,1,1
"347",1,60,1,NA,95,1,4,"I am paying attention",4,4,4,2,2,2,2,2,2,2,1,NA,NA,NA,1,NA,1,1,0
"348",1,60,5,8,60,5,4,"I am paying attention.",5,NA,NA,NA,NA,2,2,2,2,2,1,1,NA,NA,NA,NA,1,1,0
"349",1,70,3,NA,40,2,4,"I am paying attention",2,2,3,NA,NA,2,1,1,2,2,1,NA,NA,1,NA,NA,0,1,1
"350",1,71,6,NA,97,7,4,"I am paying attention.",4,6,6,7,6,2,2,1,1,2,1,NA,NA,NA,1,NA,1,0,1
"351",1,95,6,NA,97,7,4,"I am paying attention.",1,NA,NA,7,7,2,2,1,2,2,1,NA,1,NA,NA,NA,1,1,1
"352",1,90,6,NA,97,6,4,"I am paying attention",2,6,5,NA,NA,2,1,3,2,2,1,NA,NA,NA,1,NA,0,1,0
"353",1,37,3,NA,34,2,4,"I am paying attention",2,3,3,NA,NA,4,2,1,1,2,1,NA,NA,1,NA,NA,1,0,1
"354",1,96,6,NA,97,7,4,"I am paying attention.",4,1,1,7,1,2,1,1,2,2,1,NA,NA,NA,NA,1,0,1,1
"355",1,70,2,NA,70,2,4,"I am paying attention.",2,2,2,NA,NA,3,2,3,2,2,1,NA,NA,1,NA,NA,1,1,0
"356",1,97,2,NA,97,2,4,"I am paying attention.",4,4,1,4,1,2,1,1,2,2,1,NA,NA,NA,1,NA,0,1,1
"357",1,50,4,NA,97,4,4,"I am paying attention.",1,NA,NA,1,1,2,2,2,2,2,1,NA,1,NA,NA,NA,1,1,0
"358",1,70,1,8,71,1,4,"I am paying attention.",5,NA,NA,NA,NA,2,1,2,2,2,1,1,NA,NA,NA,NA,0,1,0
"359",1,80,4,8,80,4,4,"I am paying attention.",5,NA,NA,NA,NA,2,1,2,3,2,1,1,NA,NA,NA,NA,0,1,0
"360",1,95,6,NA,97,6,4,"I am paying attention.",4,5,5,6,6,2,2,1,2,2,1,NA,NA,NA,1,NA,1,1,1
"361",1,86,7,NA,97,7,4,"I am paying attention",4,4,3,6,7,4,2,2,1,2,1,NA,NA,NA,NA,1,1,0,0
"362",1,53,4,NA,97,1,4,"I am paying attention",1,NA,NA,1,1,2,2,2,2,2,1,NA,1,NA,NA,NA,1,1,0
"363",1,80,5,NA,78,5,4,"I am paying attention.",2,5,6,NA,NA,2,1,1,2,2,1,NA,NA,1,NA,NA,0,1,1
"364",1,79,6,NA,97,6,4,"I am paying attention.",4,6,6,6,6,2,1,1,4,2,1,NA,NA,NA,NA,1,0,1,1
"365",1,99,6,NA,99,6,4,"I am paying attention",2,6,6,NA,NA,1,1,3,2,2,1,NA,NA,1,NA,NA,0,1,0
"366",1,76,5,8,75,5,4,"I am paying attention.",5,NA,NA,NA,NA,1,2,1,2,2,1,1,NA,NA,NA,NA,1,1,1
"367",1,67,4,NA,43,5,4,"I am paying attention",4,1,5,5,1,2,1,1,3,2,1,NA,NA,NA,NA,1,0,1,1
"368",1,95,3,NA,97,4,4,"I am paying attention",4,1,3,6,6,3,2,3,1,2,1,NA,NA,NA,1,NA,1,0,0
"369",1,97,7,NA,97,7,4,"I am paying attention.",2,7,7,NA,NA,3,2,3,1,2,1,NA,NA,1,NA,NA,1,0,0
"370",1,53,2,NA,70,3,4,"I am paying attention",4,4,4,3,2,2,2,2,2,2,1,NA,NA,NA,NA,1,1,1,0
"371",1,96,7,NA,96,7,4,"I am paying attention",2,1,2,NA,NA,2,1,3,3,2,1,NA,NA,1,NA,NA,0,1,0
"372",1,65,6,NA,65,6,4,"I am paying attention.",1,NA,NA,2,1,2,1,1,3,2,1,NA,1,NA,NA,NA,0,1,1
"373",1,76,4,8,75,4,4,"I am paying attention",5,NA,NA,NA,NA,2,1,1,1,2,1,1,NA,NA,NA,NA,0,0,1
"374",1,65,4,NA,80,4,4,"I am paying attention",4,5,5,5,4,2,1,1,2,2,1,NA,NA,NA,NA,1,0,1,1
"375",1,99,6,NA,97,7,4,"I am paying attention",1,NA,NA,7,5,2,1,3,5,2,1,NA,1,NA,NA,NA,0,0,0
"376",1,95,6,NA,97,6,4,"I am paying attention",1,NA,NA,7,5,2,1,3,1,2,1,NA,1,NA,NA,NA,0,0,0
"377",1,97,6,NA,97,6,4,"I am paying attention.",4,4,4,4,5,2,1,2,2,2,1,NA,NA,NA,1,NA,0,1,0
"378",1,77,3,9,76,3,4,"I am paying attention",5,NA,NA,NA,NA,2,2,1,4,2,1,1,NA,NA,NA,NA,1,1,1
"379",1,99,6,NA,97,7,4,"I am paying attention.",4,7,7,3,4,1,1,1,2,2,1,NA,NA,NA,1,NA,0,1,1
"380",1,84,6,NA,97,7,4,"I am paying attention",4,4,4,6,6,2,1,1,2,2,1,NA,NA,NA,NA,1,0,1,1
"381",1,99,6,8,99,5,4,"I am paying attention",5,NA,NA,NA,NA,3,2,1,3,2,1,1,NA,NA,NA,NA,1,1,1
"382",1,87,6,NA,97,7,4,"I am paying attention",1,NA,NA,7,6,1,1,1,1,2,1,NA,1,NA,NA,NA,0,0,1
"383",1,65,3,NA,72,4,4,"I am paying attention.",2,5,6,NA,NA,2,2,2,2,2,1,NA,NA,1,NA,NA,1,1,0
"384",1,80,5,8,85,5,4,"I am paying attention.",5,NA,NA,NA,NA,2,1,2,2,2,1,1,NA,NA,NA,NA,0,1,0
"385",1,90,3,NA,97,7,4,"I am paying attention.",1,NA,NA,4,5,3,2,1,2,2,1,NA,1,NA,NA,NA,1,1,1
"386",1,81,5,NA,97,7,4,"I am paying attention.",2,6,6,NA,NA,2,1,1,2,2,1,NA,NA,NA,1,NA,0,1,1
"387",1,100,7,NA,100,7,4,"I am paying attention",2,7,7,NA,NA,2,1,1,3,2,1,NA,NA,1,NA,NA,0,1,1
"388",1,92,5,NA,97,7,4,"I am paying attention.",4,4,1,7,6,3,2,1,1,2,1,NA,NA,NA,NA,1,1,0,1
"389",1,97,6,NA,97,6,4,"I am paying attention.",2,1,1,NA,NA,2,1,3,1,2,1,NA,NA,1,NA,NA,0,0,0
"390",1,94,5,NA,97,6,4,"I am paying attention",1,NA,NA,6,7,2,1,1,2,2,1,NA,1,NA,NA,NA,0,1,1
"391",1,80,5,NA,95,4,4,"I am paying attention.",4,6,6,4,5,2,1,3,2,2,1,NA,NA,NA,1,NA,0,1,0
"392",1,90,5,NA,97,7,4,"I am paying attention.",4,4,3,7,6,1,1,1,2,2,1,NA,NA,NA,NA,1,0,1,1
"393",1,95,6,NA,97,6,4,"I am paying attention.",4,6,6,6,6,2,2,1,2,2,1,NA,NA,NA,1,NA,1,1,1
"394",1,80,5,NA,75,5,4,"I am paying attention",2,2,3,NA,NA,2,1,1,2,2,1,NA,NA,1,NA,NA,0,1,1
"395",1,70,5,NA,90,7,4,"I am paying attention",1,NA,NA,7,7,2,2,3,3,2,1,NA,1,NA,NA,NA,1,1,0
"396",1,60,4,NA,97,4,4,"I am paying attention",1,NA,NA,5,5,2,2,1,2,2,1,NA,NA,NA,NA,1,1,1,1
"397",1,75,5,9,95,6,4,"I am paying attention.",5,NA,NA,NA,NA,2,1,1,1,2,1,1,NA,NA,NA,NA,0,0,1
"398",1,78,5,8,66,4,4,"I am paying attention.",5,NA,NA,NA,NA,2,2,1,2,2,1,1,NA,NA,NA,NA,1,1,1
"399",1,97,6,8,98,6,4,"I am paying attention",5,NA,NA,NA,NA,2,2,1,2,2,1,1,NA,NA,NA,NA,1,1,1
"400",1,61,5,NA,60,5,4,"I am paying attention.",2,6,6,NA,NA,4,1,2,2,2,1,NA,NA,1,NA,NA,0,1,0
"401",1,82,3,NA,97,6,4,"I am paying attention.",1,NA,NA,6,6,2,2,1,3,2,1,NA,1,NA,NA,NA,1,1,1
"402",1,98,6,NA,97,7,4,"I am paying attention.",4,2,2,7,7,2,1,2,2,2,1,NA,NA,NA,NA,1,0,1,0
"403",1,97,7,NA,97,7,4,"I am paying attention.",4,1,1,7,7,2,1,1,2,2,1,NA,NA,NA,NA,1,0,1,1
"404",1,90,4,NA,90,5,4,"I am paying attention.",4,5,4,6,7,2,1,3,2,2,1,NA,NA,NA,1,NA,0,1,0
"405",1,95,5,8,95,5,4,"I am paying attention",5,NA,NA,NA,NA,2,1,3,1,2,1,1,NA,NA,NA,NA,0,0,0
"406",1,75,3,NA,96,6,4,"I am paying attention.",4,3,2,5,6,2,1,2,2,2,1,NA,NA,NA,1,NA,0,1,0
"407",1,80,2,NA,70,1,4,"I am paying attention.",2,3,4,NA,NA,2,1,1,1,2,1,NA,NA,1,NA,NA,0,0,1
"408",1,99,5,NA,90,4,4,"I am paying attention.",1,NA,NA,7,7,2,1,1,3,2,1,NA,1,NA,NA,NA,0,1,1
"409",1,91,2,NA,97,2,4,"I am paying attention",4,5,5,2,2,4,1,3,3,2,1,NA,NA,NA,NA,1,0,1,0
"410",1,73,5,NA,75,6,4,"i am paying attention",2,5,6,NA,NA,1,2,3,1,2,1,NA,NA,1,NA,NA,1,0,0
"411",1,85,5,NA,90,5,4,"I am paying attention.",1,NA,NA,7,6,2,1,1,2,2,1,NA,1,NA,NA,NA,0,1,1
"412",1,90,5,8,90,5,4,"I am paying attention.",5,NA,NA,NA,NA,2,1,2,2,2,1,1,NA,NA,NA,NA,0,1,0
"413",1,92,6,8,92,6,4,"I am paying attention.",5,NA,NA,NA,NA,2,1,1,2,2,1,1,NA,NA,NA,NA,0,1,1
"414",1,63,4,NA,34,2,4,"I am paying attention.",2,4,5,NA,NA,3,2,4,4,2,1,NA,NA,1,NA,NA,1,1,0
"415",1,98,6,NA,97,6,4,"I am paying attention.",4,4,3,6,6,2,1,1,2,2,1,NA,NA,NA,1,NA,0,1,1
"416",1,99,6,NA,97,4,4,"I am paying attention.",1,NA,NA,4,4,2,1,3,2,2,1,NA,1,NA,NA,NA,0,1,0
"417",1,98,6,NA,97,6,4,"I am paying attention",4,4,6,7,6,2,1,3,1,2,1,NA,NA,NA,1,NA,0,0,0
"418",1,95,4,NA,95,6,4,"I am paying attention",1,NA,NA,4,4,1,1,1,2,2,1,NA,1,NA,NA,NA,0,1,1
"419",1,81,2,NA,75,1,4,"I am paying attention.",2,4,4,NA,NA,2,1,3,2,2,1,NA,NA,1,NA,NA,0,1,0
"420",1,70,5,NA,97,7,4,"I am paying attention",4,7,7,6,7,2,2,2,1,2,1,NA,NA,NA,NA,1,1,0,0
"421",1,97,5,8,87,2,4,"I am paying attention.",5,NA,NA,NA,NA,3,1,1,3,2,1,1,NA,NA,NA,NA,0,1,1
"422",1,90,5,NA,97,6,4,"""I am paying attention.",2,1,2,NA,NA,2,1,1,2,2,1,NA,NA,NA,NA,1,0,1,1
"423",1,95,6,8,95,6,4,"I am paying attention",5,NA,NA,NA,NA,1,1,1,2,2,1,1,NA,NA,NA,NA,0,1,1
"424",1,80,3,NA,85,5,4,"I am paying attention.",2,6,6,NA,NA,2,2,3,2,2,1,NA,NA,1,NA,NA,1,1,0
"425",1,90,6,NA,97,6,4,"I am paying attention.",1,NA,NA,5,5,2,1,1,2,2,1,NA,1,NA,NA,NA,0,1,1
"426",1,81,5,NA,97,6,4,"I am paying attention.",1,NA,NA,5,5,2,1,2,2,2,1,NA,1,NA,NA,NA,0,1,0
"427",1,85,5,NA,97,6,4,"I am paying attention.",4,5,6,5,7,3,2,1,2,2,1,NA,NA,NA,1,NA,1,1,1
"428",1,99,6,NA,97,7,4,"I am paying attention.",4,4,1,7,7,2,1,1,3,2,1,NA,NA,NA,1,NA,0,1,1
"429",1,80,4,NA,97,5,4,"I am paying attention.",2,4,4,NA,NA,2,1,4,1,2,1,NA,NA,NA,NA,1,0,0,0
"430",1,95,6,8,95,6,4,"I am paying attention",5,NA,NA,NA,NA,2,1,3,2,2,1,1,NA,NA,NA,NA,0,1,0
"431",1,79,2,NA,96,6,4,"I am paying attention.",4,3,3,6,5,2,2,1,2,2,1,NA,NA,NA,NA,1,1,1,1
"432",1,72,5,8,71,5,4,"I am paying attention.",5,NA,NA,NA,NA,2,1,1,1,2,1,1,NA,NA,NA,NA,0,0,1
"433",1,69,5,NA,30,5,4,"I am paying attention",2,3,4,NA,NA,2,2,1,2,2,1,NA,NA,1,NA,NA,1,1,1
"434",1,67,3,NA,97,7,4,"I am paying attention.",1,NA,NA,6,7,2,2,3,2,2,1,NA,1,NA,NA,NA,1,1,0
"435",1,85,5,8,90,5,4,"I am paying attention",5,NA,NA,NA,NA,2,1,1,2,2,1,1,NA,NA,NA,NA,0,1,1
"436",1,90,5,NA,97,7,4,"I am paying attention.",4,7,7,7,7,3,2,1,2,2,1,NA,NA,NA,1,NA,1,1,1
"437",1,80,1,NA,97,6,4,"I am paying attention.",4,6,6,6,6,3,2,1,2,2,1,NA,NA,NA,1,NA,1,1,1
"438",1,95,6,NA,97,7,4,"I am paying attention.",4,3,5,7,6,2,2,1,2,2,1,NA,NA,NA,NA,1,1,1,1
"439",1,97,6,NA,97,6,4,"I am paying attention.",2,4,1,NA,NA,2,1,3,2,2,1,NA,NA,1,NA,NA,0,1,0
"440",1,87,5,NA,94,6,4,"I am paying attention",1,NA,NA,7,7,3,2,2,2,2,1,NA,1,NA,NA,NA,1,1,0
"441",1,79,6,NA,86,6,4,"I am paying attention.",1,NA,NA,5,5,2,1,2,2,2,1,NA,NA,NA,NA,1,0,1,0
"442",1,97,7,NA,97,7,4,"I am paying attention",4,1,1,7,1,3,2,1,1,2,1,NA,NA,NA,1,NA,1,0,1
"443",1,80,5,NA,97,7,4,"I am paying attention",4,2,5,7,7,3,2,3,1,2,1,NA,NA,NA,NA,1,1,0,0
"444",1,94,5,NA,94,5,4,"I am paying attention.",2,4,4,NA,NA,2,1,3,1,2,1,NA,NA,1,NA,NA,0,0,0
"445",1,15,5,8,15,5,4,"I am paying attention.",5,NA,NA,NA,NA,2,2,2,2,2,1,1,NA,NA,NA,NA,1,1,0
"446",1,81,1,NA,78,2,4,"I am paying attention",1,NA,NA,1,2,2,2,1,2,2,1,NA,1,NA,NA,NA,1,1,1
"447",1,98,7,NA,97,7,4,"I am paying attention",4,2,1,7,6,2,1,2,3,2,1,NA,NA,NA,NA,1,0,1,0
"448",1,79,5,NA,37,3,4,"I am paying attention",2,4,5,NA,NA,2,2,3,1,2,1,NA,NA,1,NA,NA,1,0,0
"449",1,99,7,NA,99,7,4,"I am paying attention",4,7,5,7,6,2,2,1,3,2,1,NA,NA,NA,1,NA,1,1,1
"450",1,80,5,NA,97,5,4,"I am paying attention",1,NA,NA,6,6,2,2,3,2,2,1,NA,1,NA,NA,NA,1,1,0
"451",1,88,5,8,85,5,4,"I am paying attention.",5,NA,NA,NA,NA,3,1,2,2,2,1,1,NA,NA,NA,NA,0,1,0
"452",1,56,5,NA,88,6,4,"I am paying attention",4,4,4,3,5,2,1,1,2,2,1,NA,NA,NA,1,NA,0,1,1
"453",1,99,7,8,99,7,4,"I am paying attention.",5,NA,NA,NA,NA,2,2,1,2,2,1,1,NA,NA,NA,NA,1,1,1
"454",1,87,6,NA,80,5,4,"I am paying attention.",2,6,6,NA,NA,1,1,3,1,2,1,NA,NA,1,NA,NA,0,0,0
"455",1,86,7,NA,86,6,4,"I am paying attention.",2,7,6,NA,NA,1,2,3,2,2,1,NA,NA,1,NA,NA,1,1,0
"456",1,80,6,NA,97,7,4,"I am paying attention.",4,7,7,7,7,2,2,3,2,2,1,NA,NA,NA,NA,1,1,1,0
"457",1,95,7,NA,97,7,4,"I am paying attention",1,NA,NA,7,7,2,1,1,3,2,1,NA,1,NA,NA,NA,0,1,1
"458",1,97,5,NA,97,5,4,"I am paying attention.",1,NA,NA,6,6,2,1,1,1,2,1,NA,1,NA,NA,NA,0,0,1
"459",1,90,5,NA,97,7,4,"I am paying attention.",4,7,7,7,7,2,2,1,2,2,1,NA,NA,NA,1,NA,1,1,1
"460",1,90,7,8,85,7,4,"I am paying attention.",5,NA,NA,NA,NA,2,2,1,3,2,1,1,NA,NA,NA,NA,1,1,1
"461",1,90,5,NA,90,5,4,"I am paying attention.",2,1,1,NA,NA,1,1,3,2,2,1,NA,NA,1,NA,NA,0,1,0
"462",1,92,7,NA,96,7,4,"I am paying attention",4,1,1,7,7,2,1,2,2,2,1,NA,NA,NA,NA,1,0,1,0
"463",1,97,7,NA,97,7,4,"I am paying attention.",4,7,6,7,7,2,2,1,2,2,1,NA,NA,NA,1,NA,1,1,1
"464",1,92,7,NA,97,7,4,"I am paying attention",4,7,7,7,7,3,2,2,2,2,1,NA,NA,NA,NA,1,1,1,0
"465",1,98,4,NA,98,4,4,"I am paying attention.",3,NA,NA,NA,NA,2,1,3,1,2,1,NA,NA,1,NA,NA,0,0,0
"466",1,99,7,NA,97,7,4,"I am paying attention",1,NA,NA,7,5,1,1,2,2,2,1,NA,1,NA,NA,NA,0,1,0
"467",1,99,7,8,99,7,4,"I am paying attention.",5,NA,NA,NA,NA,2,1,1,2,2,1,1,NA,NA,NA,NA,0,1,1
"468",1,93,7,NA,97,7,4,"I am paying attention.",1,NA,NA,6,7,2,2,1,NA,2,1,NA,1,NA,NA,NA,1,0,1
"469",1,84,1,NA,62,2,4,"i am paying attention",2,2,4,NA,NA,2,2,1,1,2,1,NA,NA,1,NA,NA,1,0,1
"470",1,86,7,8,90,7,4,"I am paying attention",5,NA,NA,NA,NA,1,1,1,2,2,1,1,NA,NA,NA,NA,0,1,1
"471",1,90,6,NA,95,7,4,"I am paying attention.",4,7,7,6,7,1,1,2,2,2,1,NA,NA,NA,1,NA,0,1,0
"472",1,68,5,NA,97,7,4,"I am paying attention.",4,1,1,6,6,2,1,3,2,2,1,NA,NA,NA,NA,1,0,1,0
"473",1,95,7,NA,97,7,4,"I am paying attention",4,4,2,7,4,2,2,1,2,2,1,NA,NA,NA,1,NA,1,1,1
"474",1,61,5,NA,60,5,4,"I am paying attention.",2,4,5,NA,NA,2,1,3,3,2,1,NA,NA,1,NA,NA,0,1,0
"475",1,76,6,NA,97,7,4,"I am paying attention",1,NA,NA,7,6,1,2,1,1,2,1,NA,1,NA,NA,NA,1,0,1
"476",1,93,6,8,93,6,4,"I am paying attention",5,NA,NA,NA,NA,1,1,1,3,2,1,1,NA,NA,NA,NA,0,1,1
"477",1,80,5,8,81,5,4,"I am paying attention.",5,NA,NA,NA,NA,3,1,1,1,2,1,1,NA,NA,NA,NA,0,0,1
"478",1,92,5,NA,97,7,4,"I am paying attention.",4,4,4,6,6,2,2,2,2,2,1,NA,NA,NA,NA,1,1,1,0
"479",1,43,3,NA,41,3,4,"I am paying attention",2,3,2,NA,NA,2,1,2,2,2,1,NA,NA,1,NA,NA,0,1,0
"480",1,73,3,NA,97,5,4,"I am paying attention.",4,5,4,2,2,2,2,3,2,2,1,NA,NA,NA,NA,1,1,1,0
"481",1,99,6,NA,97,7,4,"I am paying attention.",4,1,1,7,6,2,1,1,1,2,1,NA,NA,NA,1,NA,0,0,1
"482",1,90,6,NA,97,7,4,"I am paying attention.",1,NA,NA,7,7,2,2,3,3,2,1,NA,1,NA,NA,NA,1,1,0
"483",1,93,7,NA,95,6,4,"I am paying attention.",2,6,7,NA,NA,2,1,1,2,2,1,NA,NA,1,NA,NA,0,1,1
"484",1,94,5,8,94,6,4,"I am paying attention",5,NA,NA,NA,NA,2,2,1,2,2,1,1,NA,NA,NA,NA,1,1,1
"485",1,95,4,NA,97,5,4,"I am paying attention.",1,NA,NA,5,5,2,1,1,2,2,1,NA,1,NA,NA,NA,0,1,1
"486",1,85,3,NA,97,7,4,"I am paying attention",4,4,3,5,6,2,2,2,2,2,1,NA,NA,NA,1,NA,1,1,0
"487",1,98,7,NA,97,7,4,"I am paying attention",4,4,1,7,4,2,1,1,2,2,1,NA,NA,NA,NA,1,0,1,1
"488",1,97,7,8,97,7,4,"I am paying attention.",5,NA,NA,NA,NA,2,1,1,1,2,1,1,NA,NA,NA,NA,0,0,1
"489",1,90,7,NA,94,5,4,"I am paying attention",4,3,4,7,7,2,1,1,1,2,1,NA,NA,NA,1,NA,0,0,1
"490",1,100,7,NA,100,7,4,"I am paying attention.",2,7,6,NA,NA,1,1,3,2,2,1,NA,NA,1,NA,NA,0,1,0
"491",1,95,5,NA,97,7,4,"I am paying attention",1,NA,NA,6,6,2,1,3,3,2,1,NA,1,NA,NA,NA,0,1,0
"492",1,78,7,NA,97,7,4,"i am paying attention",1,NA,NA,6,7,1,2,1,1,2,1,NA,1,NA,NA,NA,1,0,1
"493",1,99,5,8,99,5,4,"I am paying attention.",5,NA,NA,NA,NA,2,2,1,2,2,1,1,NA,NA,NA,NA,1,1,1
"494",1,53,4,NA,93,3,4,"I am paying attention.",2,3,2,NA,NA,4,1,3,2,2,1,NA,NA,NA,NA,1,0,1,0
"495",1,75,4,NA,91,5,4,"I am paying attention",2,7,6,NA,NA,2,1,1,2,2,1,NA,NA,1,NA,NA,0,1,1
"496",1,62,5,NA,31,4,4,"I am paying attention",4,3,2,6,3,3,1,1,2,2,1,NA,NA,NA,1,NA,0,1,1
"497",1,99,5,NA,99,5,4,"I am paying attention.",2,1,2,NA,NA,2,1,2,2,2,1,NA,NA,1,NA,NA,0,1,0
"498",1,98,6,8,98,6,4,"i am paying attention",5,NA,NA,NA,NA,1,1,1,2,2,1,1,NA,NA,NA,NA,0,1,1
"499",1,75,5,NA,97,7,4,"I am paying attention.",4,7,6,7,6,1,1,1,2,2,1,NA,NA,NA,NA,1,0,1,1
"500",1,95,5,NA,97,6,4,"I am paying attention.",1,NA,NA,6,6,2,1,1,2,2,1,NA,1,NA,NA,NA,0,1,1
"501",1,81,6,NA,97,7,4,"I am paying attention.",4,6,7,6,6,4,2,1,2,2,1,NA,NA,NA,1,NA,1,1,1
"502",1,91,3,NA,80,4,4,"I am paying attention",2,5,6,NA,NA,2,2,1,2,2,1,NA,NA,1,NA,NA,1,1,1
"503",1,90,5,NA,97,7,4,"I am paying attention.",1,NA,NA,7,4,2,3,3,5,2,1,NA,NA,NA,NA,1,0,0,0
"504",1,82,5,NA,97,7,4,"I am paying attention",1,NA,NA,7,7,2,1,3,4,2,1,NA,1,NA,NA,NA,0,1,0
"505",1,52,5,8,60,6,4,"I am paying attention.",5,NA,NA,NA,NA,2,1,3,2,2,1,1,NA,NA,NA,NA,0,1,0
"506",1,90,5,NA,97,6,4,"I am paying attention.",4,6,3,5,5,2,1,2,2,2,1,NA,NA,NA,1,NA,0,1,0
"507",1,90,5,NA,97,7,4,"I am paying attention.",4,7,7,6,6,2,1,1,2,2,1,NA,NA,NA,1,NA,0,1,1
"508",1,87,5,NA,97,7,4,"I am paying attention",1,NA,NA,7,6,2,2,1,1,2,1,NA,1,NA,NA,NA,1,0,1
"509",1,98,5,8,98,5,4,"I am paying attention.",5,NA,NA,NA,NA,2,2,1,2,2,1,1,NA,NA,NA,NA,1,1,1
"510",1,96,6,NA,97,7,4,"I am paying attention.",1,NA,NA,7,7,2,2,1,2,2,1,NA,1,NA,NA,NA,1,1,1
"511",1,60,4,NA,11,5,4,"I am paying attention.",2,4,4,NA,NA,3,2,3,1,2,1,NA,NA,1,NA,NA,1,0,0
"512",1,60,3,NA,97,4,4,"I am paying attention",4,1,1,7,7,2,1,3,1,2,1,NA,NA,NA,NA,1,0,0,0
"513",1,95,6,NA,95,6,4,"I am paying attention",4,7,6,7,6,1,1,1,2,2,1,NA,NA,NA,NA,1,0,1,1
"514",1,89,5,8,88,5,4,"I am paying attention.",5,NA,NA,NA,NA,3,2,3,2,2,1,1,NA,NA,NA,NA,1,1,0
"515",1,91,5,NA,66,6,4,"I am paying attention.",2,4,5,NA,NA,2,1,1,2,2,1,NA,NA,1,NA,NA,0,1,1
"516",1,62,3,NA,13,4,4,"I am paying attention",2,4,3,NA,NA,2,1,2,2,2,1,NA,NA,1,NA,NA,0,1,0
"517",1,95,6,NA,95,6,4,"I am paying attention.",4,3,5,6,4,2,1,3,4,2,1,NA,NA,NA,1,NA,0,1,0
"518",1,36,2,NA,97,1,4,"I am paying attention.",1,NA,NA,1,1,4,2,3,1,2,1,NA,1,NA,NA,NA,1,0,0
"519",1,71,2,NA,97,6,4,"I am paying attention.",4,7,6,3,6,3,1,3,3,2,1,NA,NA,NA,1,NA,0,1,0
"520",1,40,1,8,40,1,4,"I am paying attention.",5,NA,NA,NA,NA,2,2,3,5,2,1,1,NA,NA,NA,NA,1,0,0
"521",1,50,6,NA,50,7,4,"I am paying attention",4,1,1,1,1,2,1,2,2,2,1,NA,NA,NA,NA,1,0,1,0
"522",1,97,6,NA,97,7,4,"I am paying attention.",4,1,5,7,5,3,1,1,2,2,1,NA,NA,NA,1,NA,0,1,1
"523",1,98,6,NA,98,6,4,"I am paying attention.",2,6,6,NA,NA,4,2,1,2,2,1,NA,NA,1,NA,NA,1,1,1
"524",1,80,5,NA,97,7,4,"I am paying attention",4,6,6,6,6,3,1,2,1,2,1,NA,NA,NA,NA,1,0,0,0
"525",1,97,5,8,97,5,4,"I am paying attention.",5,NA,NA,NA,NA,2,1,1,2,2,1,1,NA,NA,NA,NA,0,1,1
"526",1,100,7,NA,99,7,4,"I am paying attention.",1,NA,NA,7,7,2,1,1,2,2,1,NA,1,NA,NA,NA,0,1,1
"527",1,70,5,8,70,5,4,"I am paying attention.",5,NA,NA,NA,NA,2,1,1,1,2,1,1,NA,NA,NA,NA,0,0,1
"528",1,97,6,NA,92,5,4,"I am paying attention.",2,3,1,NA,NA,2,2,1,2,2,1,NA,NA,1,NA,NA,1,1,1
"529",1,90,6,NA,97,6,4,"I am paying attention.",4,2,2,7,7,4,1,1,2,2,1,NA,NA,NA,1,NA,0,1,1
"530",1,99,5,NA,97,6,4,"I am paying attention",1,NA,NA,6,6,2,1,1,1,2,1,NA,1,NA,NA,NA,0,0,1
"531",1,95,5,NA,97,7,4,"I am paying attention.",4,1,1,7,7,3,1,3,2,2,1,NA,NA,NA,NA,1,0,1,0
"532",1,98,7,8,99,7,4,"I am paying attention.",5,NA,NA,NA,NA,1,1,2,2,2,1,1,NA,NA,NA,NA,0,1,0
"533",1,60,5,8,60,5,4,"I am paying attention",5,NA,NA,NA,NA,4,1,3,2,2,1,1,NA,NA,NA,NA,0,1,0
"534",1,80,5,NA,92,5,4,"I am paying attention.",1,NA,NA,6,6,2,1,1,2,2,1,NA,1,NA,NA,NA,0,1,1
"535",1,90,5,NA,90,5,4,"I am paying attention",2,6,6,NA,NA,2,1,1,2,2,1,NA,NA,1,NA,NA,0,1,1
"536",1,40,1,NA,97,7,4,"I am paying attention.",4,5,6,4,5,2,1,3,2,2,1,NA,NA,NA,1,NA,0,1,0
"537",1,71,2,NA,97,6,4,"I am paying attention.",4,1,2,7,6,2,2,1,1,2,1,NA,NA,NA,NA,1,1,0,1
"538",1,98,6,NA,97,7,4,"I am paying attention.",4,4,4,7,7,2,1,1,2,2,1,NA,NA,NA,NA,1,0,1,1
"539",1,95,5,NA,90,5,4,"I am paying attention.",2,1,2,NA,NA,2,1,1,2,2,1,NA,NA,1,NA,NA,0,1,1
"540",1,65,5,NA,97,6,4,"I am paying attention",1,NA,NA,3,4,2,1,2,2,2,1,NA,1,NA,NA,NA,0,1,0
"541",1,70,4,NA,97,5,4,"I am paying attention",4,5,6,6,7,2,2,2,1,2,1,NA,NA,NA,1,NA,1,0,0
"542",1,97,6,8,97,6,4,"I am paying attention.",5,NA,NA,NA,NA,2,2,1,1,2,1,1,NA,NA,NA,NA,1,0,1
"543",1,80,5,NA,70,6,4,"I am paying attention",2,5,5,NA,NA,2,1,1,2,2,1,NA,NA,1,NA,NA,0,1,1
"544",1,80,5,NA,97,7,4,"I am paying attention",4,6,6,6,5,3,1,2,3,2,1,NA,NA,NA,1,NA,0,1,0
"545",1,98,5,NA,97,6,4,"I am paying attention.",4,3,1,6,7,3,2,1,1,2,1,NA,NA,NA,NA,1,1,0,1
"546",1,93,7,NA,97,7,4,"I am paying attention.",1,NA,NA,7,5,2,1,3,2,2,1,NA,1,NA,NA,NA,0,1,0
"547",1,70,5,NA,96,5,4,"I am paying attention",4,2,2,2,2,2,2,3,NA,2,1,NA,NA,NA,1,NA,1,0,0
"548",1,51,5,8,51,5,4,"I am paying attention.",5,NA,NA,NA,NA,1,2,3,2,2,1,1,NA,NA,NA,NA,1,1,0
"549",1,96,5,NA,96,5,4,"I am paying attention.",2,1,1,NA,NA,2,2,1,2,2,1,NA,NA,1,NA,NA,1,1,1
"550",1,65,2,NA,97,5,4,"I am paying attention.",1,NA,NA,2,1,2,2,4,2,2,1,NA,1,NA,NA,NA,1,1,0
"551",1,81,5,NA,97,6,4,"I am paying attention",4,3,3,6,7,2,1,3,5,2,1,NA,NA,NA,NA,1,0,0,0
"552",1,95,7,NA,95,7,4,"I am paying attention.",2,7,7,NA,NA,2,1,1,2,2,1,NA,NA,1,NA,NA,0,1,1
"553",1,81,1,NA,97,7,4,"I am paying attention.",4,6,6,5,6,2,1,1,1,2,1,NA,NA,NA,NA,1,0,0,1
"554",1,95,5,8,95,5,4,"I am paying attention.",3,NA,NA,NA,NA,2,1,1,1,2,1,1,NA,NA,NA,NA,0,0,1
"555",1,85,5,NA,91,6,4,"I am paying attention",4,4,5,4,6,2,2,3,1,2,1,NA,NA,NA,1,NA,1,0,0
"556",1,87,4,NA,97,5,4,"I am paying attention",1,NA,NA,5,4,2,1,1,1,2,1,NA,1,NA,NA,NA,0,0,1
"557",1,80,5,NA,97,6,4,"I am paying attention.",1,NA,NA,6,6,2,1,3,2,2,1,NA,1,NA,NA,NA,0,1,0
"558",1,100,3,NA,97,4,4,"I am paying attention.",4,4,2,5,4,2,2,1,2,2,1,NA,NA,NA,NA,1,1,1,1
"559",1,90,5,8,85,5,4,"I am paying attention",5,NA,NA,NA,NA,2,2,1,2,2,1,1,NA,NA,NA,NA,1,1,1
"560",1,70,6,NA,33,3,4,"I am paying attention",4,3,3,7,7,2,2,2,2,2,1,NA,NA,NA,1,NA,1,1,0
"561",1,95,6,NA,95,6,4,"I am paying attention",2,6,5,NA,NA,2,1,2,3,2,1,NA,NA,1,NA,NA,0,1,0
"562",1,90,5,NA,96,5,4,"I am paying attention.",2,6,7,NA,NA,1,2,1,2,2,1,NA,NA,1,NA,NA,1,1,1
"563",1,90,5,NA,97,6,4,"I am paying attention.",1,NA,NA,6,6,2,1,2,3,2,1,NA,1,NA,NA,NA,0,1,0
"564",1,90,6,NA,97,7,4,"I am paying attention.",4,7,6,7,4,2,2,1,3,2,1,NA,NA,NA,1,NA,1,1,1
"565",1,99,6,8,99,6,4,"I am paying attention.",5,NA,NA,NA,NA,3,2,3,2,2,1,1,NA,NA,NA,NA,1,1,0
"566",1,89,4,NA,97,6,4,"I am paying attention",4,4,4,5,4,2,1,2,2,2,1,NA,NA,NA,NA,1,0,1,0
"567",1,81,2,NA,74,2,4,"I am paying attention.",1,NA,NA,5,2,2,2,2,2,2,1,NA,1,NA,NA,NA,1,1,0
"568",1,31,1,8,31,1,4,"I am paying attention",5,NA,NA,NA,NA,2,1,1,2,2,1,1,NA,NA,NA,NA,0,1,1
"569",1,90,6,NA,97,6,4,"I am paying attention",4,3,1,6,3,2,1,3,2,2,1,NA,NA,NA,1,NA,0,1,0
"570",1,90,6,NA,96,6,4,"I am paying attention.",4,6,6,6,6,3,2,1,1,2,1,NA,NA,NA,NA,1,1,0,1
"571",1,50,4,NA,50,4,4,"I am paying attention.",2,4,4,NA,NA,2,1,3,2,2,1,NA,NA,1,NA,NA,0,1,0
"572",1,71,1,NA,97,4,4,"I am paying attention.",1,NA,NA,4,5,2,1,2,2,2,1,NA,1,NA,NA,NA,0,1,0
"573",1,95,6,NA,90,6,4,"I am paying attention",2,2,2,NA,NA,1,1,1,2,2,1,NA,NA,1,NA,NA,0,1,1
"574",1,98,7,NA,97,7,4,"I am paying attention",4,2,1,7,3,2,1,3,1,2,1,NA,NA,NA,NA,1,0,0,0
"575",1,61,5,NA,73,5,4,"I am paying attention.",4,6,5,4,5,2,1,2,3,2,1,NA,NA,NA,1,NA,0,1,0
"576",1,40,2,8,40,2,4,"I am paying attention.",5,NA,NA,NA,NA,2,1,1,2,2,1,1,NA,NA,NA,NA,0,1,1
"577",1,97,6,NA,97,6,4,"I am paying attention.",2,1,1,NA,NA,3,1,1,1,2,1,NA,NA,1,NA,NA,0,0,1
"578",1,80,5,NA,97,7,4,"I am paying attention.",4,4,5,6,6,1,2,1,2,2,1,NA,NA,NA,1,NA,1,1,1
"579",1,98,7,NA,97,7,4,"I am paying attention.",4,1,2,7,7,2,1,1,1,2,1,NA,NA,NA,NA,1,0,0,1
"580",1,92,6,8,98,6,4,"I am paying attention",5,NA,NA,NA,NA,2,1,3,2,2,1,1,NA,NA,NA,NA,0,1,0
"581",1,69,6,NA,90,7,4,"I am paying attention.",1,NA,NA,6,6,2,1,1,2,2,1,NA,1,NA,NA,NA,0,1,1
"582",1,77,4,NA,97,7,4,"I am paying attention.",2,4,7,NA,NA,3,2,1,3,2,1,NA,NA,NA,NA,1,1,1,1
"583",1,72,3,NA,27,2,4,"I am paying attention.",2,2,2,NA,NA,2,2,2,1,2,1,NA,NA,1,NA,NA,1,0,0
"584",1,100,6,NA,97,7,4,"I am paying attention.",1,NA,NA,7,7,2,2,2,1,2,1,NA,1,NA,NA,NA,1,0,0
"585",1,95,6,8,94,6,4,"I am paying attention.",5,NA,NA,NA,NA,2,1,3,1,2,1,1,NA,NA,NA,NA,0,0,0
"586",1,97,7,NA,97,7,4,"I am paying attention.",4,1,1,7,7,2,1,3,3,2,1,NA,NA,NA,1,NA,0,1,0
"587",1,100,7,NA,100,7,4,"I am paying attention",1,NA,NA,7,4,2,2,3,2,2,1,NA,1,NA,NA,NA,1,1,0
"588",1,85,5,NA,85,6,4,"I am paying attention.",2,6,6,NA,NA,2,1,1,3,2,1,NA,NA,1,NA,NA,0,1,1
"589",1,81,5,8,76,4,4,"I am paying attention",5,NA,NA,NA,NA,3,2,1,2,2,1,1,NA,NA,NA,NA,1,1,1
"590",1,69,6,NA,97,6,4,"I am paying attention.",4,4,6,5,4,1,2,1,2,2,1,NA,NA,NA,1,NA,1,1,1
"591",1,97,6,NA,97,6,4,"I am paying attention.",4,3,1,6,4,1,2,1,1,2,1,NA,NA,NA,NA,1,1,0,1
"592",1,90,5,NA,97,6,4,"I am paying attention.",4,2,3,6,6,2,1,3,1,2,1,NA,NA,NA,1,NA,0,0,0
"593",1,96,5,NA,100,6,4,"I am paying attention",5,NA,NA,NA,NA,2,2,1,1,2,1,NA,1,NA,NA,NA,1,0,1
"594",1,90,5,NA,97,7,4,"I am paying attention.",4,4,2,7,4,2,1,1,2,2,1,NA,NA,NA,NA,1,0,1,1
"595",1,75,4,NA,75,4,4,"I am paying attention",2,3,2,NA,NA,4,1,3,1,2,1,NA,NA,1,NA,NA,0,0,0
"596",1,99,6,8,98,6,4,"I am paying attention",5,NA,NA,NA,NA,2,1,1,3,2,1,1,NA,NA,NA,NA,0,1,1
"597",1,71,4,NA,97,6,4,"I am paying attention",4,4,6,4,6,2,2,3,2,2,1,NA,NA,NA,NA,1,1,1,0
"598",1,97,7,NA,71,5,4,"I am paying attention",1,NA,NA,7,7,2,2,2,2,2,1,NA,1,NA,NA,NA,1,1,0
"599",1,66,5,9,66,5,4,"I am paying attention",5,NA,NA,NA,NA,3,1,2,1,2,1,1,NA,NA,NA,NA,0,0,0
"600",1,59,6,NA,60,6,4,"I am paying attention.",4,3,2,1,2,2,1,1,2,2,1,NA,NA,NA,1,NA,0,1,1
"601",1,92,3,NA,92,1,4,"I am paying attention",2,3,4,NA,NA,2,1,2,2,2,1,NA,NA,1,NA,NA,0,1,0
"602",1,90,5,NA,97,6,4,"I am paying attention.",1,NA,NA,6,4,2,1,3,2,2,1,NA,1,NA,NA,NA,0,1,0
"603",1,40,2,NA,97,6,4,"I am paying attention",1,NA,NA,2,6,2,2,3,1,2,1,NA,NA,NA,NA,1,1,0,0
"604",1,96,5,8,97,5,4,"I am paying attention.",5,NA,NA,NA,NA,2,2,1,3,2,1,1,NA,NA,NA,NA,1,1,1
"605",1,90,6,NA,97,7,4,"I am paying attention",4,5,5,7,6,2,1,2,4,2,1,NA,NA,NA,1,NA,0,1,0
"606",1,90,3,NA,90,3,4,"I am paying attention",2,1,5,NA,NA,2,1,1,2,2,1,NA,NA,1,NA,NA,0,1,1
"607",1,74,3,NA,97,7,4,"I am paying attention",4,6,6,6,6,2,2,3,2,2,1,NA,NA,NA,1,NA,1,1,0
"608",1,75,3,NA,97,6,4,"I am paying attention.",1,NA,NA,5,4,2,1,3,2,2,1,NA,1,NA,NA,NA,0,1,0
"609",1,90,6,NA,1,6,4,"I am paying attention",1,NA,NA,6,6,3,1,1,2,2,1,NA,NA,NA,NA,1,0,1,1
"610",1,72,5,NA,82,6,4,"I am paying attention",2,6,7,NA,NA,3,2,3,2,2,1,NA,NA,1,NA,NA,1,1,0
"611",1,81,5,8,80,4,4,"I am paying attention",5,NA,NA,NA,NA,3,1,2,2,2,1,1,NA,NA,NA,NA,0,1,0
"612",1,98,6,NA,97,7,4,"I am paying attention.",4,5,5,7,7,2,1,1,2,2,1,NA,NA,NA,1,NA,0,1,1
"613",1,80,5,NA,97,5,4,"I am paying attention",1,NA,NA,2,5,3,2,2,3,2,1,NA,1,NA,NA,NA,1,1,0
"614",1,99,7,NA,97,7,4,"I am paying attention.",4,1,1,7,1,2,1,3,3,2,1,NA,NA,NA,NA,1,0,1,0
"615",1,97,6,NA,97,6,4,"I am paying attention.",2,1,1,NA,NA,3,1,2,2,2,1,NA,NA,1,NA,NA,0,1,0
"616",1,96,4,8,89,6,4,"I am paying attention.",5,NA,NA,NA,NA,2,1,1,1,2,1,1,NA,NA,NA,NA,0,0,1
"617",1,82,5,8,61,5,4,"I am paying attention.",1,NA,NA,5,5,3,2,2,3,2,1,1,NA,NA,NA,NA,1,1,0
"618",1,98,5,NA,97,6,4,"I am paying attention.",1,NA,NA,7,7,2,2,1,2,2,1,NA,1,NA,NA,NA,1,1,1
"619",1,95,6,NA,98,6,4,"I am paying attention.",4,7,7,7,7,3,1,1,2,2,1,NA,NA,NA,1,NA,0,1,1
"620",1,95,5,NA,90,4,4,"I am paying attention.",2,4,2,NA,NA,2,1,1,2,2,1,NA,NA,1,NA,NA,0,1,1
"621",1,60,3,NA,97,3,4,"I am paying attention",4,3,3,5,3,2,1,3,2,2,1,NA,NA,NA,1,NA,0,1,0
"622",1,67,4,NA,86,3,4,"I am paying attention.",4,2,3,3,5,2,2,1,1,2,1,NA,NA,NA,NA,1,1,0,1
"623",1,99,6,8,99,6,4,"I am paying attention.",5,NA,NA,NA,NA,2,2,1,2,2,1,1,NA,NA,NA,NA,1,1,1
"624",1,82,5,NA,97,7,4,"I am paying attention",1,NA,NA,6,5,2,2,1,1,2,1,NA,1,NA,NA,NA,1,0,1
"625",1,94,6,NA,94,6,4,"I am paying attention.",2,7,7,NA,NA,2,1,3,1,2,1,NA,NA,1,NA,NA,0,0,0
"626",1,68,3,NA,94,5,4,"I am paying attention.",4,6,5,4,5,2,1,3,2,2,1,NA,NA,NA,1,NA,0,1,0
"627",1,82,5,NA,84,5,4,"I am paying attention.",2,2,3,NA,NA,1,2,1,2,2,1,NA,NA,1,NA,NA,1,1,1
"628",1,85,1,8,85,1,4,"I am paying attention.",5,NA,NA,NA,NA,2,2,3,1,2,1,1,NA,NA,NA,NA,1,0,0
"629",1,64,3,NA,97,4,4,"I am paying attention.",2,4,4,NA,NA,2,2,1,2,2,1,NA,NA,NA,NA,1,1,1,1
"630",1,83,6,NA,96,6,4,"I am paying attention.""",1,NA,NA,6,5,4,1,3,1,2,1,NA,1,NA,NA,NA,0,0,0
"631",1,17,1,NA,30,1,4,"I am paying attention",2,4,4,NA,NA,2,2,1,1,2,1,NA,NA,1,NA,NA,1,0,1
"632",1,81,3,NA,97,6,4,"I am paying attention.",4,2,2,6,6,2,2,1,2,2,1,NA,NA,NA,1,NA,1,1,1
"633",1,96,6,NA,97,7,4,"I am paying attention.",4,6,5,7,7,3,1,3,2,2,1,NA,NA,NA,NA,1,0,1,0
"634",1,80,5,NA,97,5,4,"I am paying attention.",1,NA,NA,6,4,2,2,3,3,2,1,NA,1,NA,NA,NA,1,1,0
"635",1,89,6,8,88,6,4,"I am paying attention.",5,NA,NA,NA,NA,2,1,1,2,2,1,1,NA,NA,NA,NA,0,1,1
"636",1,85,6,NA,97,7,4,"I am paying attention",4,1,1,7,7,2,2,2,1,2,1,NA,NA,NA,NA,1,1,0,0
"637",1,90,5,NA,97,6,4,"I am paying attention",1,NA,NA,7,7,3,2,1,3,2,1,NA,1,NA,NA,NA,1,1,1
"638",1,30,2,NA,30,2,4,"I am paying attention",2,6,6,NA,NA,2,1,3,2,2,1,NA,NA,1,NA,NA,0,1,0
"639",1,99,6,NA,99,6,4,"I am paying attention.",2,1,2,NA,NA,2,1,1,2,2,1,NA,NA,1,NA,NA,0,1,1
"640",1,99,6,NA,97,4,4,"I am paying attention",4,4,3,4,5,3,2,1,3,2,1,NA,NA,NA,1,NA,1,1,1
"641",1,75,5,NA,87,5,4,"I am paying attention.",4,5,5,5,6,3,2,2,2,2,1,NA,NA,NA,1,NA,1,1,0
"642",1,57,5,NA,78,5,4,"I am paying attention",1,NA,NA,5,5,2,2,1,2,2,1,NA,1,NA,NA,NA,1,1,1
"643",1,71,5,8,61,3,4,"I am paying attention",5,NA,NA,NA,NA,2,2,1,2,2,1,1,NA,NA,NA,NA,1,1,1
"644",1,86,4,NA,97,7,4,"I am paying attention.",4,4,4,6,4,3,2,1,1,2,1,NA,NA,NA,NA,1,1,0,1
"645",1,90,5,NA,97,6,4,"I am paying attention",4,1,2,6,6,2,1,1,2,2,1,NA,NA,NA,NA,1,0,1,1
"646",1,80,5,8,75,5,4,"I am paying attention.",5,NA,NA,NA,NA,2,2,1,2,2,1,1,NA,NA,NA,NA,1,1,1
"647",1,89,5,NA,57,4,4,"I am paying attention",5,NA,NA,NA,NA,2,1,1,2,2,1,NA,NA,1,NA,NA,0,1,1
"648",1,89,3,NA,97,6,4,"I am paying attention.",2,1,2,NA,NA,2,1,1,2,2,1,NA,NA,NA,NA,1,0,1,1
"649",1,92,5,NA,97,7,4,"I am paying attention.",1,NA,NA,5,5,2,2,3,2,2,1,NA,1,NA,NA,NA,1,1,0
"650",1,60,2,NA,97,6,4,"I am paying attention",4,5,5,5,5,2,2,1,1,2,1,NA,NA,NA,1,NA,1,0,1
"651",1,94,5,NA,93,5,4,"I am paying attention",1,NA,NA,7,4,3,2,2,1,2,1,NA,1,NA,NA,NA,1,0,0
"652",1,66,2,NA,62,2,4,"I am paying attention",2,5,4,NA,NA,2,2,1,2,2,1,NA,NA,1,NA,NA,1,1,1
"653",1,76,6,8,80,6,4,"I am paying attention.""",5,NA,NA,NA,NA,3,1,3,2,2,1,1,NA,NA,NA,NA,0,1,0
"654",1,56,2,8,55,2,4,"I am paying attention",5,NA,NA,NA,NA,3,1,1,2,2,1,1,NA,NA,NA,NA,0,1,1
"655",1,100,6,NA,100,6,4,"I am paying attention.",4,7,6,6,2,3,1,2,4,2,1,NA,NA,NA,1,NA,0,1,0
"656",1,95,5,NA,97,6,4,"I am paying attention",1,NA,NA,6,6,2,1,2,2,2,1,NA,NA,NA,NA,1,0,1,0
"657",1,90,2,NA,95,2,4,"I am paying attention.",4,3,4,5,4,2,2,1,2,2,1,NA,NA,NA,1,NA,1,1,1
"658",1,87,5,NA,97,6,4,"I am paying attention.",1,NA,NA,6,5,2,2,1,2,2,1,NA,1,NA,NA,NA,1,1,1
"659",1,85,5,NA,97,7,4,"I am paying attention.",4,3,3,6,7,2,1,2,1,2,1,NA,NA,NA,NA,1,0,0,0
"660",1,97,6,NA,97,5,4,"I am paying attention",2,6,6,NA,NA,2,1,1,2,2,1,NA,NA,1,NA,NA,0,1,1
"661",1,91,5,NA,85,4,4,"I am paying attention",2,1,1,NA,NA,3,2,1,2,2,1,NA,NA,1,NA,NA,1,1,1
"662",1,98,5,NA,97,6,4,"I am paying attention.",4,6,7,6,7,2,1,2,2,2,1,NA,NA,NA,1,NA,0,1,0
"663",1,95,7,NA,97,7,4,"I am paying attention.",1,NA,NA,7,7,3,1,1,1,2,1,NA,1,NA,NA,NA,0,0,1
"664",1,74,4,8,66,4,4,"I am paying attention.",5,NA,NA,NA,NA,2,1,3,3,2,1,1,NA,NA,NA,NA,0,1,0
"665",1,70,4,NA,97,7,4,"I am paying attention.",1,NA,NA,5,6,2,2,1,4,2,1,NA,1,NA,NA,NA,1,1,1
"666",1,73,5,8,71,5,4,"I am paying attention.",5,NA,NA,NA,NA,2,3,3,2,2,1,1,NA,NA,NA,NA,0,1,0
"667",1,90,5,NA,97,6,4,"I am paying attention.",2,1,1,NA,NA,2,2,3,4,2,1,NA,NA,NA,NA,1,1,1,0
"668",1,90,4,NA,80,5,4,"I am paying attention.",2,2,2,NA,NA,1,2,1,2,2,1,NA,NA,1,NA,NA,1,1,1
"669",1,99,7,NA,97,7,4,"I am paying attention",4,1,1,5,7,4,2,1,2,2,1,NA,NA,NA,1,NA,1,1,1
"670",1,90,5,NA,96,4,4,"I am paying attention.",4,5,5,4,6,2,1,1,2,2,1,NA,NA,NA,NA,1,0,1,1
"671",1,99,7,NA,99,7,4,"I am paying attention.",2,1,1,NA,NA,2,1,3,2,2,1,NA,NA,1,NA,NA,0,1,0
"672",1,92,6,NA,83,5,4,"I am paying attention",4,4,4,6,6,2,1,1,3,2,1,NA,NA,NA,1,NA,0,1,1
"673",1,99,6,NA,97,7,4,"I am paying attention",1,NA,NA,7,7,2,1,1,2,2,1,NA,1,NA,NA,NA,0,1,1
"674",1,70,4,8,70,4,4,"I am paying attention",5,NA,NA,NA,NA,2,1,3,2,2,1,1,NA,NA,NA,NA,0,1,0
"675",1,97,7,NA,97,7,4,"I am paying attention.",4,1,1,7,7,3,1,3,1,2,1,NA,NA,NA,NA,1,0,0,0
"676",1,80,5,8,80,5,4,"I am paying attention.",5,NA,NA,NA,NA,2,1,2,2,2,1,1,NA,NA,NA,NA,0,1,0
"677",1,96,5,NA,97,7,4,"I am paying attention",4,6,6,5,5,3,1,3,1,2,1,NA,NA,NA,NA,1,0,0,0
"678",1,88,5,NA,97,7,4,"I am paying attention.",1,NA,NA,5,4,2,2,3,2,2,1,NA,1,NA,NA,NA,1,1,0
"679",1,85,3,NA,80,3,4,"I am paying attention.",2,6,6,NA,NA,2,2,1,2,2,1,NA,NA,1,NA,NA,1,1,1
"680",1,93,5,8,75,5,4,"I am paying attention",5,NA,NA,NA,NA,1,1,3,2,2,1,1,NA,NA,NA,NA,0,1,0
"681",1,70,5,NA,82,5,4,"I am paying attention.",4,6,5,5,4,1,1,1,1,2,1,NA,NA,NA,NA,1,0,0,1
"682",1,95,7,NA,97,7,4,"I am paying attention.",4,2,1,7,5,2,2,1,2,2,1,NA,NA,NA,1,NA,1,1,1
"683",1,70,2,NA,97,7,4,"I am paying attention.",4,4,7,6,7,2,2,3,2,2,1,NA,NA,NA,1,NA,1,1,0
"684",1,96,5,NA,97,5,4,"I am paying attention.",1,NA,NA,5,4,3,2,1,2,2,1,NA,1,NA,NA,NA,1,1,1
"685",1,95,6,NA,95,6,4,"I am paying attention.",2,7,7,NA,NA,2,1,3,2,2,1,NA,NA,1,NA,NA,0,1,0
"686",1,65,4,8,79,5,4,"I am paying attention",5,NA,NA,NA,NA,2,2,2,2,2,1,1,NA,NA,NA,NA,1,1,0
"687",1,26,4,NA,77,7,4,"I am paying attention",4,4,2,3,5,1,2,1,2,2,1,NA,NA,NA,NA,1,1,1,1
"688",1,91,5,NA,93,5,4,"I am paying attention.",1,NA,NA,5,4,2,1,3,2,2,1,NA,1,NA,NA,NA,0,1,0
"689",1,75,2,NA,97,6,4,"I am paying attention.",4,5,5,5,5,2,2,2,1,2,1,NA,NA,NA,1,NA,1,0,0
"690",1,97,6,8,95,6,4,"I am paying attention",5,NA,NA,NA,NA,2,1,3,4,2,1,1,NA,NA,NA,NA,0,1,0
"691",1,65,1,NA,45,3,4,"I am paying attention.",2,5,6,NA,NA,2,2,1,1,2,1,NA,NA,1,NA,NA,1,0,1
"692",1,98,7,NA,97,5,4,"I am paying attention.",4,7,7,7,7,3,1,1,3,2,1,NA,NA,NA,1,NA,0,1,1
"693",1,100,7,NA,97,7,4,"I am paying attention.",2,4,4,NA,NA,2,2,1,3,2,1,NA,NA,NA,NA,1,1,1,1
"694",1,94,7,NA,97,7,4,"I am paying attention.",1,NA,NA,7,7,4,2,1,4,2,1,NA,1,NA,NA,NA,1,1,1
"695",1,20,5,NA,20,5,4,"I am paying attention.",2,6,7,NA,NA,4,1,3,NA,2,1,NA,NA,1,NA,NA,0,0,0
"696",1,92,6,NA,97,6,4,"I am paying attention.",4,1,2,7,7,2,2,1,2,2,1,NA,NA,NA,NA,1,1,1,1
"697",1,91,5,8,84,4,4,"I am paying attention.",1,NA,NA,6,4,2,1,1,2,2,1,1,NA,NA,NA,NA,0,1,1
"698",1,99,7,NA,97,7,4,"I am paying attention",1,NA,NA,6,7,4,2,1,3,2,1,NA,1,NA,NA,NA,1,1,1
"699",1,93,6,NA,93,6,4,"I am paying attention.",4,1,1,6,6,3,1,1,2,2,1,NA,NA,NA,1,NA,0,1,1
"700",1,80,6,NA,95,7,4,"I am paying attention.",4,7,7,6,7,2,1,3,2,2,1,NA,NA,NA,NA,1,0,1,0
"701",1,50,5,NA,97,6,4,"I am paying attention",4,4,4,4,4,2,1,2,2,2,1,NA,NA,NA,1,NA,0,1,0
"702",1,74,5,NA,97,7,4,"I am paying attention.",1,NA,NA,7,7,2,2,2,2,2,1,NA,1,NA,NA,NA,1,1,0
"703",1,96,5,8,95,5,4,"I am paying attention.",5,NA,NA,NA,NA,2,1,1,3,2,1,1,NA,NA,NA,NA,0,1,1
"704",1,95,6,NA,99,6,4,"I am paying attention",2,6,5,NA,NA,1,1,2,1,2,1,NA,NA,1,NA,NA,0,0,0
"705",1,75,4,8,74,4,4,"I am paying attention",5,NA,NA,NA,NA,2,1,1,2,2,1,1,NA,NA,NA,NA,0,1,1
"706",1,95,3,NA,97,4,4,"I am paying attention",4,5,5,6,5,2,1,1,4,2,1,NA,NA,NA,1,NA,0,1,1
"707",1,99,5,NA,97,7,4,"I am paying attention.",1,NA,NA,7,7,3,2,1,2,2,1,NA,1,NA,NA,NA,1,1,1
"708",1,98,5,NA,97,6,4,"I am paying attention.",4,4,5,6,6,2,2,1,1,2,1,NA,NA,NA,NA,1,1,0,1
"709",1,86,6,NA,81,6,4,"I am paying attention",2,6,6,NA,NA,2,2,2,2,2,1,NA,NA,1,NA,NA,1,1,0
"710",1,39,2,NA,34,2,4,"I am paying attention",2,1,1,NA,NA,2,2,2,2,2,1,NA,NA,1,NA,NA,1,1,0
"711",1,94,6,NA,95,5,4,"I am paying attention.",1,NA,NA,6,6,3,1,1,4,2,1,NA,1,NA,NA,NA,0,1,1
"712",1,72,3,NA,97,4,4,"I am paying attention.",4,4,4,4,4,3,2,2,3,2,1,NA,NA,NA,1,NA,1,1,0
"713",1,95,5,NA,97,6,4,"I am paying attention",4,2,6,6,6,2,2,3,4,2,1,NA,NA,NA,NA,1,1,1,0
"714",1,91,6,8,88,6,4,"I am paying attention",5,NA,NA,NA,NA,2,1,4,2,2,1,1,NA,NA,NA,NA,0,1,0
"715",1,98,5,NA,97,6,4,"I am paying attention.",2,1,1,NA,NA,2,1,1,1,2,1,NA,NA,1,NA,NA,0,0,1
"716",1,55,1,NA,97,5,4,"I am paying attention.",1,NA,NA,5,5,2,2,2,2,2,1,NA,1,NA,NA,NA,1,1,0
"717",1,60,1,NA,97,7,4,"I am paying attention",4,4,7,4,7,2,2,3,1,2,1,NA,NA,NA,NA,1,1,0,0
"718",1,99,7,8,99,7,4,"I am paying attention",5,NA,NA,NA,NA,2,2,1,1,2,1,1,NA,NA,NA,NA,1,0,1
"719",1,70,2,NA,97,4,4,"I am paying attention.",1,NA,NA,3,4,2,2,2,4,2,1,NA,1,NA,NA,NA,1,1,0
"720",1,92,6,NA,65,6,4,"I am paying attention",2,7,6,NA,NA,2,2,1,1,2,1,NA,NA,NA,1,NA,1,0,1
"721",1,95,7,NA,97,4,4,"I am paying attention.",4,4,4,7,7,2,2,1,1,2,1,NA,NA,NA,NA,1,1,0,1
"722",1,87,5,8,91,6,4,"I am paying attention",1,NA,NA,6,7,2,1,1,1,2,1,1,NA,NA,NA,NA,0,0,1
"723",1,90,6,NA,90,6,4,"I am paying attention.",2,7,6,NA,NA,2,1,1,1,2,1,NA,NA,1,NA,NA,0,0,1
"724",1,49,1,NA,97,4,4,"I am paying attention",4,3,5,1,1,2,2,1,1,2,1,NA,NA,NA,1,NA,1,0,1
"725",1,99,7,NA,99,7,4,"I am paying attention",2,7,6,NA,NA,2,2,3,2,2,1,NA,NA,1,NA,NA,1,1,0
"726",1,90,5,NA,97,6,4,"I am paying attention.",4,2,1,7,6,2,1,1,2,2,1,NA,NA,NA,NA,1,0,1,1
"727",1,73,1,8,73,1,4,"I am paying attention",5,NA,NA,NA,NA,2,2,3,1,2,1,1,NA,NA,NA,NA,1,0,0
"728",1,97,6,NA,97,7,4,"I am paying attention.",4,6,4,7,4,2,1,3,2,2,1,NA,NA,NA,1,NA,0,1,0
"729",1,99,7,NA,97,7,4,"I am paying attention.",1,NA,NA,7,7,2,2,1,2,2,1,NA,1,NA,NA,NA,1,1,1
"730",1,97,6,NA,97,7,4,"I am paying attention.",4,7,4,7,4,2,1,2,1,2,1,NA,NA,NA,1,NA,0,0,0
"731",1,80,5,8,80,5,4,"I am paying attention.",5,NA,NA,NA,NA,2,1,3,2,2,1,1,NA,NA,NA,NA,0,1,0
"732",1,92,6,NA,94,6,4,"I am paying attention.",2,2,3,NA,NA,2,2,1,2,2,1,NA,NA,1,NA,NA,1,1,1
"733",1,91,3,NA,97,6,4,"I am paying attention.",1,NA,NA,6,7,2,2,1,2,2,1,NA,1,NA,NA,NA,1,1,1
"734",1,95,5,NA,97,6,4,"i am paying attention",1,NA,NA,6,6,2,1,1,2,2,1,NA,1,NA,NA,NA,0,1,1
"735",1,98,7,NA,97,7,4,"I am paying attention",4,1,1,7,7,2,1,1,1,2,1,NA,NA,NA,1,NA,0,0,1
"736",1,97,6,8,97,6,4,"I am paying attention.",5,NA,NA,NA,NA,3,1,1,1,2,1,1,NA,NA,NA,NA,0,0,1
"737",1,75,5,NA,97,7,4,"I am paying attention",4,3,4,6,6,3,2,1,2,2,1,NA,NA,NA,NA,1,1,1,1
"738",1,75,3,NA,71,3,4,"I am paying attention",2,4,2,NA,NA,2,2,1,2,2,1,NA,NA,1,NA,NA,1,1,1
"739",1,75,5,NA,97,7,4,"I am paying attention",5,NA,NA,NA,NA,3,2,3,2,2,1,NA,NA,NA,NA,1,1,1,0
"740",1,94,7,8,94,7,4,"I am paying attention.",5,NA,NA,NA,NA,2,1,3,2,2,1,1,NA,NA,NA,NA,0,1,0
"741",1,73,6,NA,97,7,4,"I am paying attention.",1,NA,NA,7,4,3,1,2,2,2,1,NA,1,NA,NA,NA,0,1,0
"742",1,93,6,NA,97,5,4,"I am paying attention.",4,5,4,5,4,3,1,3,1,2,1,NA,NA,NA,1,NA,0,0,0
"743",1,90,3,8,90,3,4,"I am paying attention.",5,NA,NA,NA,NA,2,2,1,3,2,1,1,NA,NA,NA,NA,1,1,1
"744",1,92,5,NA,97,6,4,"I am paying attention.",1,NA,NA,6,6,1,2,1,3,2,1,NA,1,NA,NA,NA,1,1,1
"745",1,63,6,NA,61,6,4,"I am paying attention.",2,5,4,NA,NA,2,2,3,2,2,1,NA,NA,1,NA,NA,1,1,0
"746",1,90,6,NA,97,3,4,"I am paying attention.",4,3,2,6,6,2,2,2,2,2,1,NA,NA,NA,1,NA,1,1,0
"747",1,98,6,NA,97,7,4,"I am paying attention",4,1,1,7,6,3,1,1,4,2,1,NA,NA,NA,NA,1,0,1,1
"748",1,89,6,NA,89,6,4,"I am paying attention.",2,1,2,NA,NA,2,2,1,1,2,1,NA,NA,1,NA,NA,1,0,1
"749",1,75,5,NA,97,6,4,"I am paying attention",4,2,2,6,5,2,1,1,1,2,1,NA,NA,NA,NA,1,0,0,1
"750",1,85,5,8,90,6,4,"I am paying attention",5,NA,NA,NA,NA,2,1,2,2,2,1,1,NA,NA,NA,NA,0,1,0
"751",1,90,5,NA,97,7,4,"I am paying attention",4,7,7,7,5,2,2,1,2,2,1,NA,NA,NA,1,NA,1,1,1
"752",1,56,5,NA,97,7,4,"I am paying attention",1,NA,NA,7,7,2,2,1,2,2,1,NA,1,NA,NA,NA,1,1,1
"753",1,60,5,NA,97,7,4,"I am paying attention.",1,NA,NA,5,5,2,2,1,2,2,1,NA,1,NA,NA,NA,1,1,1
"754",1,94,5,NA,95,5,4,"I am paying attention",2,5,7,NA,NA,2,2,3,2,2,1,NA,NA,1,NA,NA,1,1,0
"755",1,70,5,8,72,5,4,"I am paying attention.",5,NA,NA,NA,NA,2,2,1,2,2,1,1,NA,NA,NA,NA,1,1,1
"756",1,98,6,NA,97,5,4,"I am paying attention",4,4,4,7,7,2,2,1,3,2,1,NA,NA,NA,1,NA,1,1,1
"757",1,97,6,NA,97,6,4,"I am paying attention.",2,2,6,NA,NA,2,2,2,2,2,1,NA,NA,1,NA,NA,1,1,0
"758",1,100,7,NA,90,6,4,"I am paying attention",1,NA,NA,7,7,2,1,1,1,2,1,NA,1,NA,NA,NA,0,0,1
"759",1,95,5,8,90,4,4,"I am paying attention",5,NA,NA,NA,NA,2,1,3,2,2,1,1,NA,NA,NA,NA,0,1,0
"760",1,90,5,NA,97,7,4,"I am paying attention",4,2,2,7,6,1,1,1,2,2,1,NA,NA,NA,NA,1,0,1,1
"761",1,97,7,NA,97,7,4,"I am paying attention.",4,4,4,4,4,2,1,2,3,2,1,NA,NA,NA,1,NA,0,1,0
"762",1,64,2,NA,89,4,4,"I am paying attention",1,NA,NA,4,4,2,1,1,2,2,1,NA,NA,NA,NA,1,0,1,1
"763",1,91,6,NA,97,6,4,"I am paying attention",1,NA,NA,6,6,2,1,1,2,2,1,NA,1,NA,NA,NA,0,1,1
"764",1,99,6,8,99,6,4,"I am paying attention.",5,NA,NA,NA,NA,2,1,1,1,2,1,1,NA,NA,NA,NA,0,0,1
"765",1,92,5,NA,91,5,4,"I am paying attention.",2,2,3,NA,NA,2,2,3,2,2,1,NA,NA,1,NA,NA,1,1,0
"766",1,95,4,NA,97,5,4,"I am paying attention",1,NA,NA,5,5,3,1,2,2,2,1,NA,1,NA,NA,NA,0,1,0
"767",1,70,5,NA,97,5,4,"I am paying attention",4,3,4,6,4,2,1,1,1,2,1,NA,NA,NA,1,NA,0,0,1
"768",1,90,5,NA,97,7,4,"I am paying attention",4,3,2,7,7,2,2,2,2,2,1,NA,NA,NA,NA,1,1,1,0
"769",1,70,5,8,70,5,4,"I am paying attention",5,NA,NA,NA,NA,2,1,1,2,2,1,1,NA,NA,NA,NA,0,1,1
"770",1,95,6,NA,97,7,4,"I am paying attention",4,7,1,7,7,2,1,1,2,2,1,NA,NA,NA,NA,1,0,1,1
"771",1,89,5,NA,95,7,4,"I am paying attention.",2,6,7,NA,NA,4,2,1,2,2,1,NA,NA,1,NA,NA,1,1,1
"772",1,80,4,NA,97,6,4,"I am paying attention",4,5,1,2,4,3,2,NA,5,2,1,NA,NA,NA,1,NA,1,0,NA
"773",1,80,3,NA,97,6,4,"I am paying attention.",4,1,4,6,7,2,2,1,2,2,1,NA,NA,NA,NA,1,1,1,1
"774",1,70,5,NA,85,6,4,"I am paying attention",2,6,6,NA,NA,3,1,1,3,2,1,NA,NA,1,NA,NA,0,1,1
"775",1,90,6,NA,97,6,4,"I am paying attention",1,NA,NA,6,6,2,1,1,1,2,1,NA,1,NA,NA,NA,0,0,1
"776",1,75,1,8,75,1,4,"I am paying attention.",5,NA,NA,NA,NA,2,2,1,2,2,1,1,NA,NA,NA,NA,1,1,1
"777",1,76,1,NA,97,3,4,"I am paying attention.",1,NA,NA,2,4,3,1,2,4,2,1,NA,1,NA,NA,NA,0,1,0
"778",1,85,5,NA,90,4,4,"I am paying attention",4,4,3,5,5,4,2,2,3,2,1,NA,NA,NA,1,NA,1,1,0
"779",1,88,7,8,77,6,4,"I am paying attention",5,NA,NA,NA,NA,2,1,1,3,2,1,1,NA,NA,NA,NA,0,1,1
"780",1,98,6,NA,98,6,4,"I am paying attention",2,1,1,NA,NA,3,1,1,1,2,1,NA,NA,1,NA,NA,0,0,1
"781",1,99,7,NA,97,7,4,"I am paying attention",4,1,1,7,7,3,2,3,5,2,1,NA,NA,NA,NA,1,1,0,0
"782",1,71,1,NA,97,6,4,"I am paying attention",4,6,6,NA,6,2,1,1,2,2,1,NA,NA,NA,1,NA,0,1,1
"783",1,97,7,NA,97,7,4,"I am paying attention",1,NA,NA,7,6,2,1,3,2,2,1,NA,1,NA,NA,NA,0,1,0
"784",1,64,5,NA,30,5,4,"I am paying attention.",4,3,2,3,3,4,1,2,2,2,1,NA,NA,NA,NA,1,0,1,0
"785",1,71,3,NA,65,3,4,"I am paying attention.",2,1,2,NA,NA,2,1,3,2,2,1,NA,NA,1,NA,NA,0,1,0
"786",1,0,7,8,0,7,4,"I am paying attention.",5,NA,NA,NA,NA,2,1,4,2,2,1,1,NA,NA,NA,NA,0,1,0
"787",1,57,4,NA,90,5,4,"I am paying attention",4,5,4,5,4,2,1,1,2,2,1,NA,NA,NA,1,NA,0,1,1
"788",1,97,7,NA,97,6,4,"I am paying attention.",1,NA,NA,7,7,2,2,1,1,2,1,NA,1,NA,NA,NA,1,0,1
"789",1,100,4,NA,100,4,4,"I am paying attention.",2,1,1,NA,NA,2,2,1,1,2,1,NA,NA,1,NA,NA,1,0,1
"790",1,39,1,NA,1,2,4,"I am paying attention",2,4,4,NA,NA,2,2,3,2,2,1,NA,NA,NA,NA,1,1,1,0
"791",1,95,6,NA,97,7,4,"I am paying attention.",4,5,5,7,7,2,1,1,4,2,1,NA,NA,NA,1,NA,0,1,1
"792",1,25,6,8,20,6,4,"I am paying attention",5,NA,NA,NA,NA,2,2,1,2,NA,1,1,NA,NA,NA,NA,1,1,1
"793",1,51,2,8,50,2,4,"I am paying attention.",5,NA,NA,NA,NA,3,2,1,1,2,1,1,NA,NA,NA,NA,1,0,1
"794",1,63,7,NA,75,4,4,"I am paying attention",1,NA,NA,7,6,2,1,3,2,2,1,NA,1,NA,NA,NA,0,1,0
"795",1,89,5,NA,89,5,4,"I am paying attention.",2,2,1,NA,NA,2,1,3,2,2,1,NA,NA,1,NA,NA,0,1,0
"796",1,51,6,NA,NA,2,2,"",2,2,NA,NA,NA,NA,NA,NA,NA,NA,NA,NA,NA,NA,1,NA,NA,0,NA
"797",1,54,5,NA,NA,NA,NA,"",NA,NA,NA,NA,NA,NA,NA,NA,NA,NA,NA,NA,NA,NA,NA,1,NA,0,NA
"798",1,97,6,NA,87,2,4,"I am paying attention.",4,NA,NA,NA,NA,NA,NA,NA,NA,NA,NA,NA,NA,NA,1,NA,NA,0,NA
"799",1,85,3,NA,76,4,4,"I am paying attention.",2,2,2,NA,NA,2,1,1,2,2,1,NA,NA,1,NA,NA,0,1,1
"800",1,68,1,8,NA,NA,NA,"",NA,NA,NA,NA,NA,NA,NA,NA,NA,NA,NA,1,NA,NA,NA,NA,NA,0,NA
"801",1,84,5,NA,97,6,4,"I am paying attention",1,NA,NA,6,4,NA,NA,NA,NA,NA,NA,NA,1,NA,NA,NA,NA,0,NA
"802",1,90,2,NA,NA,NA,NA,"",NA,NA,NA,NA,NA,NA,NA,NA,NA,NA,NA,NA,NA,NA,NA,1,NA,0,NA
"803",1,90,6,8,91,6,4,"I am paying attention",NA,NA,NA,NA,NA,NA,NA,NA,NA,NA,NA,1,NA,NA,NA,NA,NA,0,NA
"804",1,95,6,NA,NA,NA,NA,"",NA,NA,NA,NA,NA,NA,NA,NA,NA,NA,NA,NA,NA,1,NA,NA,NA,0,NA
"805",1,84,5,NA,NA,NA,NA,"",NA,NA,NA,NA,NA,NA,NA,NA,NA,NA,NA,NA,NA,NA,1,NA,NA,0,NA
"806",1,97,7,8,97,7,4,"I am paying attention",NA,NA,NA,NA,NA,NA,NA,NA,NA,NA,NA,1,NA,NA,NA,NA,NA,0,NA
"807",1,83,5,NA,NA,NA,NA,"",NA,NA,NA,NA,NA,NA,NA,NA,NA,NA,NA,1,NA,NA,NA,NA,NA,0,NA
"808",1,74,3,NA,91,3,4,"I am paying attention.",3,NA,NA,NA,NA,NA,NA,NA,NA,NA,NA,NA,1,NA,NA,NA,NA,0,NA
"809",1,30,2,NA,NA,NA,NA,"",NA,NA,NA,NA,NA,NA,NA,NA,NA,NA,NA,NA,NA,NA,1,NA,NA,0,NA
"810",1,NA,NA,NA,NA,NA,NA,"",NA,NA,NA,NA,NA,NA,NA,NA,NA,NA,NA,NA,NA,NA,NA,NA,NA,0,NA
"811",1,98,6,NA,NA,NA,NA,"",NA,NA,NA,NA,NA,NA,NA,NA,NA,NA,NA,NA,NA,1,NA,NA,NA,0,NA
"812",1,65,4,NA,NA,NA,NA,"",NA,NA,NA,NA,NA,NA,NA,NA,NA,NA,NA,NA,NA,NA,1,NA,NA,0,NA
"813",1,96,5,NA,91,6,4,"I am paying attention",4,NA,NA,NA,NA,NA,NA,NA,NA,NA,NA,NA,NA,NA,1,NA,NA,0,NA
"814",1,NA,NA,NA,NA,NA,NA,"",NA,NA,NA,NA,NA,NA,NA,NA,NA,NA,NA,NA,NA,NA,NA,NA,NA,0,NA
"815",1,99,7,NA,97,7,NA,"",NA,NA,NA,NA,NA,NA,NA,NA,NA,NA,NA,NA,NA,NA,NA,1,NA,0,NA
"816",1,NA,NA,NA,NA,NA,NA,"",NA,NA,NA,NA,NA,NA,NA,NA,NA,NA,NA,NA,NA,NA,NA,NA,NA,0,NA
"817",1,NA,NA,NA,NA,NA,NA,"",NA,NA,NA,NA,NA,NA,NA,NA,NA,NA,NA,NA,NA,NA,NA,NA,NA,0,NA
"818",1,99,5,8,99,5,NA,"",NA,NA,NA,NA,NA,NA,NA,NA,NA,NA,NA,1,NA,NA,NA,NA,NA,0,NA
"819",1,55,3,NA,NA,NA,NA,"",NA,NA,NA,NA,NA,NA,NA,NA,NA,NA,NA,NA,NA,1,NA,NA,NA,0,NA
"820",1,NA,NA,NA,NA,NA,NA,"",NA,NA,NA,NA,NA,NA,NA,NA,NA,NA,NA,NA,NA,NA,NA,NA,NA,0,NA
"821",1,86,4,NA,97,6,4,"I am paying attention.",4,NA,NA,7,4,NA,NA,NA,NA,NA,NA,NA,NA,NA,NA,1,NA,0,NA
"822",1,98,6,NA,NA,NA,NA,"",NA,NA,NA,NA,NA,NA,NA,NA,NA,NA,NA,NA,NA,1,NA,NA,NA,0,NA
